,ImgName,TopLeft_y1,TopLeft_x1,BottomRight_y2,BottomRight_x2,SourceFile,FileName,FileSize,FileType,Make,Model,ImageTemperatureMax,ImageTemperatureMin,Emissivity,ObjectDistance,ReflectedApparentTemperature,AtmosphericTemperature,IRWindowTemperature,IRWindowTransmission,RelativeHumidity,PlanckR1,PlanckB,PlanckF,AtmosphericTransAlpha1,AtmosphericTransAlpha2,AtmosphericTransBeta1,AtmosphericTransBeta2,CameraTemperatureRangeMax,CameraTemperatureRangeMin,CameraModel,ImageSize,Megapixels,ROI_min,ROI_max,ROI_temp_delta,ROI_fault_det,Prob
0,FLIR1345.jpg,84,84,117,107,c:/Users/tantrivt/Desktop/Test/TransfVikram_Trial1/datasetsThermalImages/FLIR1345.jpg,FLIR1345.jpg,122 kB,JPEG,FLIR Systems AB,FLIR C2,317,271,0.95,1.00 m,20.0 C,20.0 C,20.0 C,1.0,50.0 %,10640.907,1298.3,1.65,0.006569,0.01262,-0.002276,-0.00667,150.0 C,-10.0 C,FLIR C2,320x240,0.077,1.0,119.0,118.0,PotentialFaultDetected with 26.76% probability,0.2676
1,FLIR1345.jpg,96,35,121,63,c:/Users/tantrivt/Desktop/Test/TransfVikram_Trial1/datasetsThermalImages/FLIR1345.jpg,FLIR1345.jpg,122 kB,JPEG,FLIR Systems AB,FLIR C2,317,271,0.95,1.00 m,20.0 C,20.0 C,20.0 C,1.0,50.0 %,10640.907,1298.3,1.65,0.006569,0.01262,-0.002276,-0.00667,150.0 C,-10.0 C,FLIR C2,320x240,0.077,-7.0,117.0,117.0,PotentialFaultDetected with 35.75% probability,0.3575
2,FLIR1345.jpg,159,187,201,214,c:/Users/tantrivt/Desktop/Test/TransfVikram_Trial1/datasetsThermalImages/FLIR1345.jpg,FLIR1345.jpg,122 kB,JPEG,FLIR Systems AB,FLIR C2,317,271,0.95,1.00 m,20.0 C,20.0 C,20.0 C,1.0,50.0 %,10640.907,1298.3,1.65,0.006569,0.01262,-0.002276,-0.00667,150.0 C,-10.0 C,FLIR C2,320x240,0.077,-4.0,117.0,117.0,PotentialFaultDetected with 38.879999999999995% probability,0.3888
3,FLIR1347.jpg,2,82,24,104,c:/Users/tantrivt/Desktop/Test/TransfVikram_Trial1/datasetsThermalImages/FLIR1347.jpg,FLIR1347.jpg,95 kB,JPEG,FLIR Systems AB,FLIR C2,317,288,0.95,1.00 m,20.0 C,20.0 C,20.0 C,1.0,50.0 %,10640.907,1298.3,1.65,0.006569,0.01262,-0.002276,-0.00667,150.0 C,-10.0 C,FLIR C2,320x240,0.077,-3.0,114.0,114.0,NoFaultDetected with 25.03% probability,0.2503
4,FLIR1347.jpg,189,67,225,87,c:/Users/tantrivt/Desktop/Test/TransfVikram_Trial1/datasetsThermalImages/FLIR1347.jpg,FLIR1347.jpg,95 kB,JPEG,FLIR Systems AB,FLIR C2,317,288,0.95,1.00 m,20.0 C,20.0 C,20.0 C,1.0,50.0 %,10640.907,1298.3,1.65,0.006569,0.01262,-0.002276,-0.00667,150.0 C,-10.0 C,FLIR C2,320x240,0.077,-7.0,119.0,119.0,PotentialFaultDetected with 26.19% probability,0.2619
5,FLIR1347.jpg,118,29,134,48,c:/Users/tantrivt/Desktop/Test/TransfVikram_Trial1/datasetsThermalImages/FLIR1347.jpg,FLIR1347.jpg,95 kB,JPEG,FLIR Systems AB,FLIR C2,317,288,0.95,1.00 m,20.0 C,20.0 C,20.0 C,1.0,50.0 %,10640.907,1298.3,1.65,0.006569,0.01262,-0.002276,-0.00667,150.0 C,-10.0 C,FLIR C2,320x240,0.077,12.0,115.0,103.0,NoFaultDetected with 29.509999999999998% probability,0.2951
6,FLIR1347.jpg,54,50,84,68,c:/Users/tantrivt/Desktop/Test/TransfVikram_Trial1/datasetsThermalImages/FLIR1347.jpg,FLIR1347.jpg,95 kB,JPEG,FLIR Systems AB,FLIR C2,317,288,0.95,1.00 m,20.0 C,20.0 C,20.0 C,1.0,50.0 %,10640.907,1298.3,1.65,0.006569,0.01262,-0.002276,-0.00667,150.0 C,-10.0 C,FLIR C2,320x240,0.077,-3.0,115.0,115.0,PotentialFaultDetected with 30.709999999999997% probability,0.3071
7,FLIR1347.jpg,115,30,152,53,c:/Users/tantrivt/Desktop/Test/TransfVikram_Trial1/datasetsThermalImages/FLIR1347.jpg,FLIR1347.jpg,95 kB,JPEG,FLIR Systems AB,FLIR C2,317,288,0.95,1.00 m,20.0 C,20.0 C,20.0 C,1.0,50.0 %,10640.907,1298.3,1.65,0.006569,0.01262,-0.002276,-0.00667,150.0 C,-10.0 C,FLIR C2,320x240,0.077,-9.0,115.0,115.0,PotentialFaultDetected with 36.59% probability,0.3659
8,FLIR1347.jpg,220,69,254,96,c:/Users/tantrivt/Desktop/Test/TransfVikram_Trial1/datasetsThermalImages/FLIR1347.jpg,FLIR1347.jpg,95 kB,JPEG,FLIR Systems AB,FLIR C2,317,288,0.95,1.00 m,20.0 C,20.0 C,20.0 C,1.0,50.0 %,10640.907,1298.3,1.65,0.006569,0.01262,-0.002276,-0.00667,150.0 C,-10.0 C,FLIR C2,320x240,0.077,-8.0,119.0,119.0,PotentialFaultDetected with 37.169999999999995% probability,0.3717
9,FLIR1347.jpg,29,59,56,77,c:/Users/tantrivt/Desktop/Test/TransfVikram_Trial1/datasetsThermalImages/FLIR1347.jpg,FLIR1347.jpg,95 kB,JPEG,FLIR Systems AB,FLIR C2,317,288,0.95,1.00 m,20.0 C,20.0 C,20.0 C,1.0,50.0 %,10640.907,1298.3,1.65,0.006569,0.01262,-0.002276,-0.00667,150.0 C,-10.0 C,FLIR C2,320x240,0.077,-2.0,119.0,119.0,PotentialFaultDetected with 50.99% probability,0.5099
10,FLIR1349.jpg,105,17,121,36,c:/Users/tantrivt/Desktop/Test/TransfVikram_Trial1/datasetsThermalImages/FLIR1349.jpg,FLIR1349.jpg,89 kB,JPEG,FLIR Systems AB,FLIR C2,316,284,0.95,1.00 m,20.0 C,20.0 C,20.0 C,1.0,50.0 %,10640.907,1298.3,1.65,0.006569,0.01262,-0.002276,-0.00667,150.0 C,-10.0 C,FLIR C2,320x240,0.077,-7.0,113.0,113.0,NoFaultDetected with 25.2% probability,0.252
11,FLIR1349.jpg,103,110,133,150,c:/Users/tantrivt/Desktop/Test/TransfVikram_Trial1/datasetsThermalImages/FLIR1349.jpg,FLIR1349.jpg,89 kB,JPEG,FLIR Systems AB,FLIR C2,316,284,0.95,1.00 m,20.0 C,20.0 C,20.0 C,1.0,50.0 %,10640.907,1298.3,1.65,0.006569,0.01262,-0.002276,-0.00667,150.0 C,-10.0 C,FLIR C2,320x240,0.077,-8.0,115.0,115.0,PotentialFaultDetected with 26.05% probability,0.2605
12,FLIR1349.jpg,71,86,93,112,c:/Users/tantrivt/Desktop/Test/TransfVikram_Trial1/datasetsThermalImages/FLIR1349.jpg,FLIR1349.jpg,89 kB,JPEG,FLIR Systems AB,FLIR C2,316,284,0.95,1.00 m,20.0 C,20.0 C,20.0 C,1.0,50.0 %,10640.907,1298.3,1.65,0.006569,0.01262,-0.002276,-0.00667,150.0 C,-10.0 C,FLIR C2,320x240,0.077,-4.0,112.0,112.0,NoFaultDetected with 27.48% probability,0.2748
13,FLIR1349.jpg,164,19,181,37,c:/Users/tantrivt/Desktop/Test/TransfVikram_Trial1/datasetsThermalImages/FLIR1349.jpg,FLIR1349.jpg,89 kB,JPEG,FLIR Systems AB,FLIR C2,316,284,0.95,1.00 m,20.0 C,20.0 C,20.0 C,1.0,50.0 %,10640.907,1298.3,1.65,0.006569,0.01262,-0.002276,-0.00667,150.0 C,-10.0 C,FLIR C2,320x240,0.077,-8.0,113.0,113.0,NoFaultDetected with 42.43% probability,0.4243
14,FLIR1349.jpg,159,101,186,120,c:/Users/tantrivt/Desktop/Test/TransfVikram_Trial1/datasetsThermalImages/FLIR1349.jpg,FLIR1349.jpg,89 kB,JPEG,FLIR Systems AB,FLIR C2,316,284,0.95,1.00 m,20.0 C,20.0 C,20.0 C,1.0,50.0 %,10640.907,1298.3,1.65,0.006569,0.01262,-0.002276,-0.00667,150.0 C,-10.0 C,FLIR C2,320x240,0.077,-8.0,119.0,119.0,PotentialFaultDetected with 45.7% probability,0.457
15,FLIR1349.jpg,203,55,221,84,c:/Users/tantrivt/Desktop/Test/TransfVikram_Trial1/datasetsThermalImages/FLIR1349.jpg,FLIR1349.jpg,89 kB,JPEG,FLIR Systems AB,FLIR C2,316,284,0.95,1.00 m,20.0 C,20.0 C,20.0 C,1.0,50.0 %,10640.907,1298.3,1.65,0.006569,0.01262,-0.002276,-0.00667,150.0 C,-10.0 C,FLIR C2,320x240,0.077,-8.0,118.0,118.0,PotentialFaultDetected with 46.589999999999996% probability,0.4659
16,FLIR1351.jpg,71,23,93,42,c:/Users/tantrivt/Desktop/Test/TransfVikram_Trial1/datasetsThermalImages/FLIR1351.jpg,FLIR1351.jpg,76 kB,JPEG,FLIR Systems AB,FLIR C2,319,274,0.95,1.00 m,20.0 C,20.0 C,20.0 C,1.0,50.0 %,10640.907,1298.3,1.65,0.006569,0.01262,-0.002276,-0.00667,150.0 C,-10.0 C,FLIR C2,320x240,0.077,-8.0,116.0,116.0,PotentialFaultDetected with 36.57% probability,0.3657
17,FLIR1351.jpg,174,31,193,52,c:/Users/tantrivt/Desktop/Test/TransfVikram_Trial1/datasetsThermalImages/FLIR1351.jpg,FLIR1351.jpg,76 kB,JPEG,FLIR Systems AB,FLIR C2,319,274,0.95,1.00 m,20.0 C,20.0 C,20.0 C,1.0,50.0 %,10640.907,1298.3,1.65,0.006569,0.01262,-0.002276,-0.00667,150.0 C,-10.0 C,FLIR C2,320x240,0.077,-4.0,117.0,117.0,PotentialFaultDetected with 50.260000000000005% probability,0.5026
18,FLIR1351.jpg,0,163,40,194,c:/Users/tantrivt/Desktop/Test/TransfVikram_Trial1/datasetsThermalImages/FLIR1351.jpg,FLIR1351.jpg,76 kB,JPEG,FLIR Systems AB,FLIR C2,319,274,0.95,1.00 m,20.0 C,20.0 C,20.0 C,1.0,50.0 %,10640.907,1298.3,1.65,0.006569,0.01262,-0.002276,-0.00667,150.0 C,-10.0 C,FLIR C2,320x240,0.077,-8.0,118.0,118.0,PotentialFaultDetected with 55.97% probability,0.5597
19,FLIR1353.jpg,173,53,212,89,c:/Users/tantrivt/Desktop/Test/TransfVikram_Trial1/datasetsThermalImages/FLIR1353.jpg,FLIR1353.jpg,86 kB,JPEG,FLIR Systems AB,FLIR C2,316,285,0.95,1.00 m,20.0 C,20.0 C,20.0 C,1.0,50.0 %,10640.907,1298.3,1.65,0.006569,0.01262,-0.002276,-0.00667,150.0 C,-10.0 C,FLIR C2,320x240,0.077,-8.0,114.0,114.0,NoFaultDetected with 26.169999999999998% probability,0.2617
20,FLIR1353.jpg,32,191,57,213,c:/Users/tantrivt/Desktop/Test/TransfVikram_Trial1/datasetsThermalImages/FLIR1353.jpg,FLIR1353.jpg,86 kB,JPEG,FLIR Systems AB,FLIR C2,316,285,0.95,1.00 m,20.0 C,20.0 C,20.0 C,1.0,50.0 %,10640.907,1298.3,1.65,0.006569,0.01262,-0.002276,-0.00667,150.0 C,-10.0 C,FLIR C2,320x240,0.077,9.0,118.0,109.0,NoFaultDetected with 54.65% probability,0.5465
21,FLIR1355.jpg,254,124,289,174,c:/Users/tantrivt/Desktop/Test/TransfVikram_Trial1/datasetsThermalImages/FLIR1355.jpg,FLIR1355.jpg,107 kB,JPEG,FLIR Systems AB,FLIR C2,319,288,0.95,1.00 m,20.0 C,20.0 C,20.0 C,1.0,50.0 %,10640.907,1298.3,1.65,0.006569,0.01262,-0.002276,-0.00667,150.0 C,-10.0 C,FLIR C2,320x240,0.077,-7.0,119.0,119.0,PotentialFaultDetected with 33.019999999999996% probability,0.3302
22,FLIR1355.jpg,255,151,288,191,c:/Users/tantrivt/Desktop/Test/TransfVikram_Trial1/datasetsThermalImages/FLIR1355.jpg,FLIR1355.jpg,107 kB,JPEG,FLIR Systems AB,FLIR C2,319,288,0.95,1.00 m,20.0 C,20.0 C,20.0 C,1.0,50.0 %,10640.907,1298.3,1.65,0.006569,0.01262,-0.002276,-0.00667,150.0 C,-10.0 C,FLIR C2,320x240,0.077,-7.0,119.0,119.0,PotentialFaultDetected with 47.21% probability,0.4721
23,FLIR1357.jpg,26,84,57,117,c:/Users/tantrivt/Desktop/Test/TransfVikram_Trial1/datasetsThermalImages/FLIR1357.jpg,FLIR1357.jpg,92 kB,JPEG,FLIR Systems AB,FLIR C2,322,282,0.95,1.00 m,20.0 C,20.0 C,20.0 C,1.0,50.0 %,10640.907,1298.3,1.65,0.006569,0.01262,-0.002276,-0.00667,150.0 C,-10.0 C,FLIR C2,320x240,0.077,-7.0,119.0,119.0,PotentialFaultDetected with 26.729999999999997% probability,0.2673
24,FLIR1357.jpg,24,84,48,105,c:/Users/tantrivt/Desktop/Test/TransfVikram_Trial1/datasetsThermalImages/FLIR1357.jpg,FLIR1357.jpg,92 kB,JPEG,FLIR Systems AB,FLIR C2,322,282,0.95,1.00 m,20.0 C,20.0 C,20.0 C,1.0,50.0 %,10640.907,1298.3,1.65,0.006569,0.01262,-0.002276,-0.00667,150.0 C,-10.0 C,FLIR C2,320x240,0.077,-7.0,104.0,104.0,NoFaultDetected with 35.39% probability,0.3539
25,FLIR1357.jpg,0,218,29,239,c:/Users/tantrivt/Desktop/Test/TransfVikram_Trial1/datasetsThermalImages/FLIR1357.jpg,FLIR1357.jpg,92 kB,JPEG,FLIR Systems AB,FLIR C2,322,282,0.95,1.00 m,20.0 C,20.0 C,20.0 C,1.0,50.0 %,10640.907,1298.3,1.65,0.006569,0.01262,-0.002276,-0.00667,150.0 C,-10.0 C,FLIR C2,320x240,0.077,-3.0,114.0,114.0,NoFaultDetected with 41.010000000000005% probability,0.4101
26,FLIR1359.jpg,121,83,159,104,c:/Users/tantrivt/Desktop/Test/TransfVikram_Trial1/datasetsThermalImages/FLIR1359.jpg,FLIR1359.jpg,112 kB,JPEG,FLIR Systems AB,FLIR C2,313,282,0.95,1.00 m,20.0 C,20.0 C,20.0 C,1.0,50.0 %,10640.907,1298.3,1.65,0.006569,0.01262,-0.002276,-0.00667,150.0 C,-10.0 C,FLIR C2,320x240,0.077,-7.0,118.0,118.0,PotentialFaultDetected with 25.919999999999998% probability,0.2592
27,FLIR1359.jpg,152,106,221,173,c:/Users/tantrivt/Desktop/Test/TransfVikram_Trial1/datasetsThermalImages/FLIR1359.jpg,FLIR1359.jpg,112 kB,JPEG,FLIR Systems AB,FLIR C2,313,282,0.95,1.00 m,20.0 C,20.0 C,20.0 C,1.0,50.0 %,10640.907,1298.3,1.65,0.006569,0.01262,-0.002276,-0.00667,150.0 C,-10.0 C,FLIR C2,320x240,0.077,-5.0,119.0,119.0,PotentialFaultDetected with 27.87% probability,0.2787
28,FLIR1359.jpg,150,129,229,197,c:/Users/tantrivt/Desktop/Test/TransfVikram_Trial1/datasetsThermalImages/FLIR1359.jpg,FLIR1359.jpg,112 kB,JPEG,FLIR Systems AB,FLIR C2,313,282,0.95,1.00 m,20.0 C,20.0 C,20.0 C,1.0,50.0 %,10640.907,1298.3,1.65,0.006569,0.01262,-0.002276,-0.00667,150.0 C,-10.0 C,FLIR C2,320x240,0.077,-9.0,119.0,119.0,PotentialFaultDetected with 28.24% probability,0.2824
29,FLIR1359.jpg,126,81,178,112,c:/Users/tantrivt/Desktop/Test/TransfVikram_Trial1/datasetsThermalImages/FLIR1359.jpg,FLIR1359.jpg,112 kB,JPEG,FLIR Systems AB,FLIR C2,313,282,0.95,1.00 m,20.0 C,20.0 C,20.0 C,1.0,50.0 %,10640.907,1298.3,1.65,0.006569,0.01262,-0.002276,-0.00667,150.0 C,-10.0 C,FLIR C2,320x240,0.077,-7.0,118.0,118.0,PotentialFaultDetected with 31.97% probability,0.3197
30,FLIR1361.jpg,83,153,126,174,c:/Users/tantrivt/Desktop/Test/TransfVikram_Trial1/datasetsThermalImages/FLIR1361.jpg,FLIR1361.jpg,101 kB,JPEG,FLIR Systems AB,FLIR C2,316,273,0.95,1.00 m,20.0 C,20.0 C,20.0 C,1.0,50.0 %,10640.907,1298.3,1.65,0.006569,0.01262,-0.002276,-0.00667,150.0 C,-10.0 C,FLIR C2,320x240,0.077,-5.0,117.0,117.0,PotentialFaultDetected with 28.82% probability,0.2882
31,FLIR1361.jpg,23,215,64,239,c:/Users/tantrivt/Desktop/Test/TransfVikram_Trial1/datasetsThermalImages/FLIR1361.jpg,FLIR1361.jpg,101 kB,JPEG,FLIR Systems AB,FLIR C2,316,273,0.95,1.00 m,20.0 C,20.0 C,20.0 C,1.0,50.0 %,10640.907,1298.3,1.65,0.006569,0.01262,-0.002276,-0.00667,150.0 C,-10.0 C,FLIR C2,320x240,0.077,2.0,117.0,115.0,PotentialFaultDetected with 30.98% probability,0.3098
32,FLIR1361.jpg,169,146,214,172,c:/Users/tantrivt/Desktop/Test/TransfVikram_Trial1/datasetsThermalImages/FLIR1361.jpg,FLIR1361.jpg,101 kB,JPEG,FLIR Systems AB,FLIR C2,316,273,0.95,1.00 m,20.0 C,20.0 C,20.0 C,1.0,50.0 %,10640.907,1298.3,1.65,0.006569,0.01262,-0.002276,-0.00667,150.0 C,-10.0 C,FLIR C2,320x240,0.077,-9.0,118.0,118.0,PotentialFaultDetected with 33.14% probability,0.3314
33,FLIR1363.jpg,32,95,56,117,c:/Users/tantrivt/Desktop/Test/TransfVikram_Trial1/datasetsThermalImages/FLIR1363.jpg,FLIR1363.jpg,107 kB,JPEG,FLIR Systems AB,FLIR C2,322,284,0.95,1.00 m,20.0 C,20.0 C,20.0 C,1.0,50.0 %,10640.907,1298.3,1.65,0.006569,0.01262,-0.002276,-0.00667,150.0 C,-10.0 C,FLIR C2,320x240,0.077,-8.0,114.0,114.0,NoFaultDetected with 29.020000000000003% probability,0.2902
34,FLIR1363.jpg,25,93,62,126,c:/Users/tantrivt/Desktop/Test/TransfVikram_Trial1/datasetsThermalImages/FLIR1363.jpg,FLIR1363.jpg,107 kB,JPEG,FLIR Systems AB,FLIR C2,322,284,0.95,1.00 m,20.0 C,20.0 C,20.0 C,1.0,50.0 %,10640.907,1298.3,1.65,0.006569,0.01262,-0.002276,-0.00667,150.0 C,-10.0 C,FLIR C2,320x240,0.077,-8.0,115.0,115.0,PotentialFaultDetected with 40.300000000000004% probability,0.403
35,FLIR1365.jpg,159,49,192,87,c:/Users/tantrivt/Desktop/Test/TransfVikram_Trial1/datasetsThermalImages/FLIR1365.jpg,FLIR1365.jpg,93 kB,JPEG,FLIR Systems AB,FLIR C2,322,277,0.95,1.00 m,20.0 C,20.0 C,20.0 C,1.0,50.0 %,10640.907,1298.3,1.65,0.006569,0.01262,-0.002276,-0.00667,150.0 C,-10.0 C,FLIR C2,320x240,0.077,-5.0,117.0,117.0,PotentialFaultDetected with 29.15% probability,0.2915
36,FLIR1441.jpg,92,198,123,228,c:/Users/tantrivt/Desktop/Test/TransfVikram_Trial1/datasetsThermalImages/FLIR1441.jpg,FLIR1441.jpg,89 kB,JPEG,FLIR Systems AB,FLIR C2,322,280,0.95,1.00 m,20.0 C,20.0 C,20.0 C,1.0,50.0 %,10640.907,1298.3,1.65,0.006569,0.01262,-0.002276,-0.00667,150.0 C,-10.0 C,FLIR C2,320x240,0.077,-7.0,117.0,117.0,PotentialFaultDetected with 36.71% probability,0.3671
37,FLIR1443.jpg,244,216,276,240,c:/Users/tantrivt/Desktop/Test/TransfVikram_Trial1/datasetsThermalImages/FLIR1443.jpg,FLIR1443.jpg,92 kB,JPEG,FLIR Systems AB,FLIR C2,323,282,0.95,1.00 m,20.0 C,20.0 C,20.0 C,1.0,50.0 %,10640.907,1298.3,1.65,0.006569,0.01262,-0.002276,-0.00667,150.0 C,-10.0 C,FLIR C2,320x240,0.077,-7.0,116.0,116.0,PotentialFaultDetected with 25.840000000000003% probability,0.2584
38,FLIR1443.jpg,0,218,29,239,c:/Users/tantrivt/Desktop/Test/TransfVikram_Trial1/datasetsThermalImages/FLIR1443.jpg,FLIR1443.jpg,92 kB,JPEG,FLIR Systems AB,FLIR C2,323,282,0.95,1.00 m,20.0 C,20.0 C,20.0 C,1.0,50.0 %,10640.907,1298.3,1.65,0.006569,0.01262,-0.002276,-0.00667,150.0 C,-10.0 C,FLIR C2,320x240,0.077,-5.0,118.0,118.0,PotentialFaultDetected with 29.14% probability,0.2914
39,FLIR1497.jpg,0,209,34,240,c:/Users/tantrivt/Desktop/Test/TransfVikram_Trial1/datasetsThermalImages/FLIR1497.jpg,FLIR1497.jpg,127 kB,JPEG,FLIR Systems AB,FLIR C2,324,289,0.95,1.00 m,20.0 C,20.0 C,20.0 C,1.0,50.0 %,10640.907,1298.3,1.65,0.006569,0.01262,-0.002276,-0.00667,150.0 C,-10.0 C,FLIR C2,320x240,0.077,-3.0,115.0,115.0,PotentialFaultDetected with 25.929999999999996% probability,0.2593
40,FLIR1497.jpg,62,218,103,240,c:/Users/tantrivt/Desktop/Test/TransfVikram_Trial1/datasetsThermalImages/FLIR1497.jpg,FLIR1497.jpg,127 kB,JPEG,FLIR Systems AB,FLIR C2,324,289,0.95,1.00 m,20.0 C,20.0 C,20.0 C,1.0,50.0 %,10640.907,1298.3,1.65,0.006569,0.01262,-0.002276,-0.00667,150.0 C,-10.0 C,FLIR C2,320x240,0.077,-8.0,116.0,116.0,PotentialFaultDetected with 26.55% probability,0.2655
41,FLIR1497.jpg,83,220,126,240,c:/Users/tantrivt/Desktop/Test/TransfVikram_Trial1/datasetsThermalImages/FLIR1497.jpg,FLIR1497.jpg,127 kB,JPEG,FLIR Systems AB,FLIR C2,324,289,0.95,1.00 m,20.0 C,20.0 C,20.0 C,1.0,50.0 %,10640.907,1298.3,1.65,0.006569,0.01262,-0.002276,-0.00667,150.0 C,-10.0 C,FLIR C2,320x240,0.077,-7.0,114.0,114.0,NoFaultDetected with 39.96% probability,0.3996
42,FLIR1499.jpg,33,207,64,240,c:/Users/tantrivt/Desktop/Test/TransfVikram_Trial1/datasetsThermalImages/FLIR1499.jpg,FLIR1499.jpg,123 kB,JPEG,FLIR Systems AB,FLIR C2,326,285,0.95,1.00 m,20.0 C,20.0 C,20.0 C,1.0,50.0 %,10640.907,1298.3,1.65,0.006569,0.01262,-0.002276,-0.00667,150.0 C,-10.0 C,FLIR C2,320x240,0.077,-9.0,116.0,116.0,PotentialFaultDetected with 30.36% probability,0.3036
43,FLIR1499.jpg,0,207,37,239,c:/Users/tantrivt/Desktop/Test/TransfVikram_Trial1/datasetsThermalImages/FLIR1499.jpg,FLIR1499.jpg,123 kB,JPEG,FLIR Systems AB,FLIR C2,326,285,0.95,1.00 m,20.0 C,20.0 C,20.0 C,1.0,50.0 %,10640.907,1298.3,1.65,0.006569,0.01262,-0.002276,-0.00667,150.0 C,-10.0 C,FLIR C2,320x240,0.077,-9.0,116.0,116.0,PotentialFaultDetected with 34.99% probability,0.3499
44,FLIR1499.jpg,6,203,68,240,c:/Users/tantrivt/Desktop/Test/TransfVikram_Trial1/datasetsThermalImages/FLIR1499.jpg,FLIR1499.jpg,123 kB,JPEG,FLIR Systems AB,FLIR C2,326,285,0.95,1.00 m,20.0 C,20.0 C,20.0 C,1.0,50.0 %,10640.907,1298.3,1.65,0.006569,0.01262,-0.002276,-0.00667,150.0 C,-10.0 C,FLIR C2,320x240,0.077,-9.0,116.0,116.0,PotentialFaultDetected with 37.04% probability,0.3704
45,FLIR1499.jpg,75,198,113,221,c:/Users/tantrivt/Desktop/Test/TransfVikram_Trial1/datasetsThermalImages/FLIR1499.jpg,FLIR1499.jpg,123 kB,JPEG,FLIR Systems AB,FLIR C2,326,285,0.95,1.00 m,20.0 C,20.0 C,20.0 C,1.0,50.0 %,10640.907,1298.3,1.65,0.006569,0.01262,-0.002276,-0.00667,150.0 C,-10.0 C,FLIR C2,320x240,0.077,-4.0,118.0,118.0,PotentialFaultDetected with 37.7% probability,0.377
46,FLIR1501.jpg,17,179,64,213,c:/Users/tantrivt/Desktop/Test/TransfVikram_Trial1/datasetsThermalImages/FLIR1501.jpg,FLIR1501.jpg,136 kB,JPEG,FLIR Systems AB,FLIR C2,327,296,0.95,1.00 m,20.0 C,20.0 C,20.0 C,1.0,50.0 %,10640.907,1298.3,1.65,0.006569,0.01262,-0.002276,-0.00667,150.0 C,-10.0 C,FLIR C2,320x240,0.077,-2.0,118.0,118.0,PotentialFaultDetected with 48.94% probability,0.4894
47,FLIR1575.jpg,113,49,136,71,c:/Users/tantrivt/Desktop/Test/TransfVikram_Trial1/datasetsThermalImages/FLIR1575.jpg,FLIR1575.jpg,52 kB,JPEG,FLIR Systems AB,FLIR C2,319,285,0.95,1.00 m,20.0 C,20.0 C,20.0 C,1.0,50.0 %,10640.907,1298.3,1.65,0.006569,0.01262,-0.002276,-0.00667,150.0 C,-10.0 C,FLIR C2,320x240,0.077,5.0,116.0,111.0,NoFaultDetected with 27.500000000000004% probability,0.275
48,FLIR1575.jpg,181,48,205,73,c:/Users/tantrivt/Desktop/Test/TransfVikram_Trial1/datasetsThermalImages/FLIR1575.jpg,FLIR1575.jpg,52 kB,JPEG,FLIR Systems AB,FLIR C2,319,285,0.95,1.00 m,20.0 C,20.0 C,20.0 C,1.0,50.0 %,10640.907,1298.3,1.65,0.006569,0.01262,-0.002276,-0.00667,150.0 C,-10.0 C,FLIR C2,320x240,0.077,-4.0,119.0,119.0,PotentialFaultDetected with 39.93% probability,0.3993
49,FLIR1575.jpg,273,66,308,87,c:/Users/tantrivt/Desktop/Test/TransfVikram_Trial1/datasetsThermalImages/FLIR1575.jpg,FLIR1575.jpg,52 kB,JPEG,FLIR Systems AB,FLIR C2,319,285,0.95,1.00 m,20.0 C,20.0 C,20.0 C,1.0,50.0 %,10640.907,1298.3,1.65,0.006569,0.01262,-0.002276,-0.00667,150.0 C,-10.0 C,FLIR C2,320x240,0.077,14.0,117.0,103.0,NoFaultDetected with 43.41% probability,0.4341
50,FLIR1575.jpg,90,69,106,90,c:/Users/tantrivt/Desktop/Test/TransfVikram_Trial1/datasetsThermalImages/FLIR1575.jpg,FLIR1575.jpg,52 kB,JPEG,FLIR Systems AB,FLIR C2,319,285,0.95,1.00 m,20.0 C,20.0 C,20.0 C,1.0,50.0 %,10640.907,1298.3,1.65,0.006569,0.01262,-0.002276,-0.00667,150.0 C,-10.0 C,FLIR C2,320x240,0.077,-4.0,112.0,112.0,NoFaultDetected with 50.63999999999999% probability,0.5064
51,FLIR1575.jpg,162,49,176,64,c:/Users/tantrivt/Desktop/Test/TransfVikram_Trial1/datasetsThermalImages/FLIR1575.jpg,FLIR1575.jpg,52 kB,JPEG,FLIR Systems AB,FLIR C2,319,285,0.95,1.00 m,20.0 C,20.0 C,20.0 C,1.0,50.0 %,10640.907,1298.3,1.65,0.006569,0.01262,-0.002276,-0.00667,150.0 C,-10.0 C,FLIR C2,320x240,0.077,-3.0,116.0,116.0,PotentialFaultDetected with 56.89999999999999% probability,0.569
52,FLIR1577.jpg,43,75,63,100,c:/Users/tantrivt/Desktop/Test/TransfVikram_Trial1/datasetsThermalImages/FLIR1577.jpg,FLIR1577.jpg,82 kB,JPEG,FLIR Systems AB,FLIR C2,319,291,0.95,1.00 m,20.0 C,20.0 C,20.0 C,1.0,50.0 %,10640.907,1298.3,1.65,0.006569,0.01262,-0.002276,-0.00667,150.0 C,-10.0 C,FLIR C2,320x240,0.077,-8.0,118.0,118.0,PotentialFaultDetected with 29.42% probability,0.2942
53,FLIR1577.jpg,69,55,87,76,c:/Users/tantrivt/Desktop/Test/TransfVikram_Trial1/datasetsThermalImages/FLIR1577.jpg,FLIR1577.jpg,82 kB,JPEG,FLIR Systems AB,FLIR C2,319,291,0.95,1.00 m,20.0 C,20.0 C,20.0 C,1.0,50.0 %,10640.907,1298.3,1.65,0.006569,0.01262,-0.002276,-0.00667,150.0 C,-10.0 C,FLIR C2,320x240,0.077,-0.0,117.0,117.0,PotentialFaultDetected with 33.87% probability,0.3387
54,FLIR1577.jpg,139,53,162,73,c:/Users/tantrivt/Desktop/Test/TransfVikram_Trial1/datasetsThermalImages/FLIR1577.jpg,FLIR1577.jpg,82 kB,JPEG,FLIR Systems AB,FLIR C2,319,291,0.95,1.00 m,20.0 C,20.0 C,20.0 C,1.0,50.0 %,10640.907,1298.3,1.65,0.006569,0.01262,-0.002276,-0.00667,150.0 C,-10.0 C,FLIR C2,320x240,0.077,12.0,116.0,104.0,NoFaultDetected with 38.23% probability,0.3823
55,FLIR1577.jpg,218,68,249,93,c:/Users/tantrivt/Desktop/Test/TransfVikram_Trial1/datasetsThermalImages/FLIR1577.jpg,FLIR1577.jpg,82 kB,JPEG,FLIR Systems AB,FLIR C2,319,291,0.95,1.00 m,20.0 C,20.0 C,20.0 C,1.0,50.0 %,10640.907,1298.3,1.65,0.006569,0.01262,-0.002276,-0.00667,150.0 C,-10.0 C,FLIR C2,320x240,0.077,5.0,118.0,113.0,NoFaultDetected with 42.79% probability,0.4279
56,FLIR1577.jpg,5,64,27,80,c:/Users/tantrivt/Desktop/Test/TransfVikram_Trial1/datasetsThermalImages/FLIR1577.jpg,FLIR1577.jpg,82 kB,JPEG,FLIR Systems AB,FLIR C2,319,291,0.95,1.00 m,20.0 C,20.0 C,20.0 C,1.0,50.0 %,10640.907,1298.3,1.65,0.006569,0.01262,-0.002276,-0.00667,150.0 C,-10.0 C,FLIR C2,320x240,0.077,20.0,119.0,99.0,NoFaultDetected with 50.49% probability,0.5049
57,FLIR1577.jpg,99,56,113,74,c:/Users/tantrivt/Desktop/Test/TransfVikram_Trial1/datasetsThermalImages/FLIR1577.jpg,FLIR1577.jpg,82 kB,JPEG,FLIR Systems AB,FLIR C2,319,291,0.95,1.00 m,20.0 C,20.0 C,20.0 C,1.0,50.0 %,10640.907,1298.3,1.65,0.006569,0.01262,-0.002276,-0.00667,150.0 C,-10.0 C,FLIR C2,320x240,0.077,-7.0,117.0,117.0,PotentialFaultDetected with 59.06% probability,0.5906
58,FLIR1577.jpg,230,70,266,91,c:/Users/tantrivt/Desktop/Test/TransfVikram_Trial1/datasetsThermalImages/FLIR1577.jpg,FLIR1577.jpg,82 kB,JPEG,FLIR Systems AB,FLIR C2,319,291,0.95,1.00 m,20.0 C,20.0 C,20.0 C,1.0,50.0 %,10640.907,1298.3,1.65,0.006569,0.01262,-0.002276,-0.00667,150.0 C,-10.0 C,FLIR C2,320x240,0.077,-2.0,118.0,118.0,PotentialFaultDetected with 69.33% probability,0.6933
59,FLIR1581.jpg,112,62,132,84,c:/Users/tantrivt/Desktop/Test/TransfVikram_Trial1/datasetsThermalImages/FLIR1581.jpg,FLIR1581.jpg,116 kB,JPEG,FLIR Systems AB,FLIR C2,320,290,0.95,1.00 m,20.0 C,20.0 C,20.0 C,1.0,50.0 %,10640.907,1298.3,1.65,0.006569,0.01262,-0.002276,-0.00667,150.0 C,-10.0 C,FLIR C2,320x240,0.077,-7.0,118.0,118.0,PotentialFaultDetected with 33.83% probability,0.3383
60,FLIR1581.jpg,94,84,109,107,c:/Users/tantrivt/Desktop/Test/TransfVikram_Trial1/datasetsThermalImages/FLIR1581.jpg,FLIR1581.jpg,116 kB,JPEG,FLIR Systems AB,FLIR C2,320,290,0.95,1.00 m,20.0 C,20.0 C,20.0 C,1.0,50.0 %,10640.907,1298.3,1.65,0.006569,0.01262,-0.002276,-0.00667,150.0 C,-10.0 C,FLIR C2,320x240,0.077,-8.0,110.0,110.0,NoFaultDetected with 39.48% probability,0.3948
61,FLIR1581.jpg,176,58,197,84,c:/Users/tantrivt/Desktop/Test/TransfVikram_Trial1/datasetsThermalImages/FLIR1581.jpg,FLIR1581.jpg,116 kB,JPEG,FLIR Systems AB,FLIR C2,320,290,0.95,1.00 m,20.0 C,20.0 C,20.0 C,1.0,50.0 %,10640.907,1298.3,1.65,0.006569,0.01262,-0.002276,-0.00667,150.0 C,-10.0 C,FLIR C2,320x240,0.077,-5.0,115.0,115.0,PotentialFaultDetected with 55.87% probability,0.5587
62,FLIR1581.jpg,17,68,33,83,c:/Users/tantrivt/Desktop/Test/TransfVikram_Trial1/datasetsThermalImages/FLIR1581.jpg,FLIR1581.jpg,116 kB,JPEG,FLIR Systems AB,FLIR C2,320,290,0.95,1.00 m,20.0 C,20.0 C,20.0 C,1.0,50.0 %,10640.907,1298.3,1.65,0.006569,0.01262,-0.002276,-0.00667,150.0 C,-10.0 C,FLIR C2,320x240,0.077,-7.0,116.0,116.0,PotentialFaultDetected with 57.440000000000005% probability,0.5744
63,FLIR1581.jpg,247,72,284,93,c:/Users/tantrivt/Desktop/Test/TransfVikram_Trial1/datasetsThermalImages/FLIR1581.jpg,FLIR1581.jpg,116 kB,JPEG,FLIR Systems AB,FLIR C2,320,290,0.95,1.00 m,20.0 C,20.0 C,20.0 C,1.0,50.0 %,10640.907,1298.3,1.65,0.006569,0.01262,-0.002276,-0.00667,150.0 C,-10.0 C,FLIR C2,320x240,0.077,5.0,116.0,111.0,NoFaultDetected with 70.03% probability,0.7003
64,FLIR1583.jpg,161,72,180,91,c:/Users/tantrivt/Desktop/Test/TransfVikram_Trial1/datasetsThermalImages/FLIR1583.jpg,FLIR1583.jpg,93 kB,JPEG,FLIR Systems AB,FLIR C2,318,290,0.95,1.00 m,20.0 C,20.0 C,20.0 C,1.0,50.0 %,10640.907,1298.3,1.65,0.006569,0.01262,-0.002276,-0.00667,150.0 C,-10.0 C,FLIR C2,320x240,0.077,-3.0,119.0,119.0,PotentialFaultDetected with 42.68% probability,0.4268
65,FLIR1583.jpg,45,73,60,89,c:/Users/tantrivt/Desktop/Test/TransfVikram_Trial1/datasetsThermalImages/FLIR1583.jpg,FLIR1583.jpg,93 kB,JPEG,FLIR Systems AB,FLIR C2,318,290,0.95,1.00 m,20.0 C,20.0 C,20.0 C,1.0,50.0 %,10640.907,1298.3,1.65,0.006569,0.01262,-0.002276,-0.00667,150.0 C,-10.0 C,FLIR C2,320x240,0.077,25.0,113.0,88.0,NoFaultDetected with 42.96% probability,0.4296
66,FLIR1583.jpg,22,63,41,78,c:/Users/tantrivt/Desktop/Test/TransfVikram_Trial1/datasetsThermalImages/FLIR1583.jpg,FLIR1583.jpg,93 kB,JPEG,FLIR Systems AB,FLIR C2,318,290,0.95,1.00 m,20.0 C,20.0 C,20.0 C,1.0,50.0 %,10640.907,1298.3,1.65,0.006569,0.01262,-0.002276,-0.00667,150.0 C,-10.0 C,FLIR C2,320x240,0.077,2.0,113.0,111.0,NoFaultDetected with 44.24% probability,0.4424
67,FLIR1583.jpg,246,53,270,74,c:/Users/tantrivt/Desktop/Test/TransfVikram_Trial1/datasetsThermalImages/FLIR1583.jpg,FLIR1583.jpg,93 kB,JPEG,FLIR Systems AB,FLIR C2,318,290,0.95,1.00 m,20.0 C,20.0 C,20.0 C,1.0,50.0 %,10640.907,1298.3,1.65,0.006569,0.01262,-0.002276,-0.00667,150.0 C,-10.0 C,FLIR C2,320x240,0.077,-3.0,117.0,117.0,PotentialFaultDetected with 47.39% probability,0.4739
68,FLIR1583.jpg,186,53,213,72,c:/Users/tantrivt/Desktop/Test/TransfVikram_Trial1/datasetsThermalImages/FLIR1583.jpg,FLIR1583.jpg,93 kB,JPEG,FLIR Systems AB,FLIR C2,318,290,0.95,1.00 m,20.0 C,20.0 C,20.0 C,1.0,50.0 %,10640.907,1298.3,1.65,0.006569,0.01262,-0.002276,-0.00667,150.0 C,-10.0 C,FLIR C2,320x240,0.077,-9.0,117.0,117.0,PotentialFaultDetected with 51.61% probability,0.5161
69,FLIR1583.jpg,128,55,149,72,c:/Users/tantrivt/Desktop/Test/TransfVikram_Trial1/datasetsThermalImages/FLIR1583.jpg,FLIR1583.jpg,93 kB,JPEG,FLIR Systems AB,FLIR C2,318,290,0.95,1.00 m,20.0 C,20.0 C,20.0 C,1.0,50.0 %,10640.907,1298.3,1.65,0.006569,0.01262,-0.002276,-0.00667,150.0 C,-10.0 C,FLIR C2,320x240,0.077,4.0,116.0,112.0,NoFaultDetected with 56.089999999999996% probability,0.5609
70,FLIR1583.jpg,71,60,95,74,c:/Users/tantrivt/Desktop/Test/TransfVikram_Trial1/datasetsThermalImages/FLIR1583.jpg,FLIR1583.jpg,93 kB,JPEG,FLIR Systems AB,FLIR C2,318,290,0.95,1.00 m,20.0 C,20.0 C,20.0 C,1.0,50.0 %,10640.907,1298.3,1.65,0.006569,0.01262,-0.002276,-0.00667,150.0 C,-10.0 C,FLIR C2,320x240,0.077,-9.0,114.0,114.0,NoFaultDetected with 77.21000000000001% probability,0.7721
71,FLIR1585.jpg,187,67,203,80,c:/Users/tantrivt/Desktop/Test/TransfVikram_Trial1/datasetsThermalImages/FLIR1585.jpg,FLIR1585.jpg,101 kB,JPEG,FLIR Systems AB,FLIR C2,317,288,0.95,1.00 m,20.0 C,20.0 C,20.0 C,1.0,50.0 %,10640.907,1298.3,1.65,0.006569,0.01262,-0.002276,-0.00667,150.0 C,-10.0 C,FLIR C2,320x240,0.077,-9.0,117.0,117.0,PotentialFaultDetected with 49.730000000000004% probability,0.4973
72,FLIR1585.jpg,279,104,296,121,c:/Users/tantrivt/Desktop/Test/TransfVikram_Trial1/datasetsThermalImages/FLIR1585.jpg,FLIR1585.jpg,101 kB,JPEG,FLIR Systems AB,FLIR C2,317,288,0.95,1.00 m,20.0 C,20.0 C,20.0 C,1.0,50.0 %,10640.907,1298.3,1.65,0.006569,0.01262,-0.002276,-0.00667,150.0 C,-10.0 C,FLIR C2,320x240,0.077,12.0,111.0,99.0,NoFaultDetected with 55.06999999999999% probability,0.5507
73,FLIR1585.jpg,233,63,250,79,c:/Users/tantrivt/Desktop/Test/TransfVikram_Trial1/datasetsThermalImages/FLIR1585.jpg,FLIR1585.jpg,101 kB,JPEG,FLIR Systems AB,FLIR C2,317,288,0.95,1.00 m,20.0 C,20.0 C,20.0 C,1.0,50.0 %,10640.907,1298.3,1.65,0.006569,0.01262,-0.002276,-0.00667,150.0 C,-10.0 C,FLIR C2,320x240,0.077,-8.0,103.0,103.0,NoFaultDetected with 56.010000000000005% probability,0.5601
74,FLIR1585.jpg,137,71,152,84,c:/Users/tantrivt/Desktop/Test/TransfVikram_Trial1/datasetsThermalImages/FLIR1585.jpg,FLIR1585.jpg,101 kB,JPEG,FLIR Systems AB,FLIR C2,317,288,0.95,1.00 m,20.0 C,20.0 C,20.0 C,1.0,50.0 %,10640.907,1298.3,1.65,0.006569,0.01262,-0.002276,-0.00667,150.0 C,-10.0 C,FLIR C2,320x240,0.077,-0.0,104.0,104.0,NoFaultDetected with 60.57% probability,0.6057
75,FLIR1585.jpg,160,78,172,95,c:/Users/tantrivt/Desktop/Test/TransfVikram_Trial1/datasetsThermalImages/FLIR1585.jpg,FLIR1585.jpg,101 kB,JPEG,FLIR Systems AB,FLIR C2,317,288,0.95,1.00 m,20.0 C,20.0 C,20.0 C,1.0,50.0 %,10640.907,1298.3,1.65,0.006569,0.01262,-0.002276,-0.00667,150.0 C,-10.0 C,FLIR C2,320x240,0.077,-3.0,115.0,115.0,PotentialFaultDetected with 64.14% probability,0.6414
76,FLIR1585.jpg,63,83,80,93,c:/Users/tantrivt/Desktop/Test/TransfVikram_Trial1/datasetsThermalImages/FLIR1585.jpg,FLIR1585.jpg,101 kB,JPEG,FLIR Systems AB,FLIR C2,317,288,0.95,1.00 m,20.0 C,20.0 C,20.0 C,1.0,50.0 %,10640.907,1298.3,1.65,0.006569,0.01262,-0.002276,-0.00667,150.0 C,-10.0 C,FLIR C2,320x240,0.077,-7.0,117.0,117.0,PotentialFaultDetected with 66.81% probability,0.6681
77,FLIR1585.jpg,99,76,115,90,c:/Users/tantrivt/Desktop/Test/TransfVikram_Trial1/datasetsThermalImages/FLIR1585.jpg,FLIR1585.jpg,101 kB,JPEG,FLIR Systems AB,FLIR C2,317,288,0.95,1.00 m,20.0 C,20.0 C,20.0 C,1.0,50.0 %,10640.907,1298.3,1.65,0.006569,0.01262,-0.002276,-0.00667,150.0 C,-10.0 C,FLIR C2,320x240,0.077,4.0,118.0,114.0,NoFaultDetected with 69.39999999999999% probability,0.694
78,FLIR1587.jpg,290,55,307,77,c:/Users/tantrivt/Desktop/Test/TransfVikram_Trial1/datasetsThermalImages/FLIR1587.jpg,FLIR1587.jpg,104 kB,JPEG,FLIR Systems AB,FLIR C2,318,288,0.95,1.00 m,20.0 C,20.0 C,20.0 C,1.0,50.0 %,10640.907,1298.3,1.65,0.006569,0.01262,-0.002276,-0.00667,150.0 C,-10.0 C,FLIR C2,320x240,0.077,-2.0,112.0,112.0,NoFaultDetected with 35.17% probability,0.3517
79,FLIR1587.jpg,170,71,193,87,c:/Users/tantrivt/Desktop/Test/TransfVikram_Trial1/datasetsThermalImages/FLIR1587.jpg,FLIR1587.jpg,104 kB,JPEG,FLIR Systems AB,FLIR C2,318,288,0.95,1.00 m,20.0 C,20.0 C,20.0 C,1.0,50.0 %,10640.907,1298.3,1.65,0.006569,0.01262,-0.002276,-0.00667,150.0 C,-10.0 C,FLIR C2,320x240,0.077,1.0,113.0,112.0,NoFaultDetected with 35.370000000000005% probability,0.3537
80,FLIR1587.jpg,242,59,266,81,c:/Users/tantrivt/Desktop/Test/TransfVikram_Trial1/datasetsThermalImages/FLIR1587.jpg,FLIR1587.jpg,104 kB,JPEG,FLIR Systems AB,FLIR C2,318,288,0.95,1.00 m,20.0 C,20.0 C,20.0 C,1.0,50.0 %,10640.907,1298.3,1.65,0.006569,0.01262,-0.002276,-0.00667,150.0 C,-10.0 C,FLIR C2,320x240,0.077,-5.0,114.0,114.0,NoFaultDetected with 41.13% probability,0.4113
81,FLIR1587.jpg,102,87,121,102,c:/Users/tantrivt/Desktop/Test/TransfVikram_Trial1/datasetsThermalImages/FLIR1587.jpg,FLIR1587.jpg,104 kB,JPEG,FLIR Systems AB,FLIR C2,318,288,0.95,1.00 m,20.0 C,20.0 C,20.0 C,1.0,50.0 %,10640.907,1298.3,1.65,0.006569,0.01262,-0.002276,-0.00667,150.0 C,-10.0 C,FLIR C2,320x240,0.077,-8.0,118.0,118.0,PotentialFaultDetected with 46.01% probability,0.4601
82,FLIR1587.jpg,207,65,229,83,c:/Users/tantrivt/Desktop/Test/TransfVikram_Trial1/datasetsThermalImages/FLIR1587.jpg,FLIR1587.jpg,104 kB,JPEG,FLIR Systems AB,FLIR C2,318,288,0.95,1.00 m,20.0 C,20.0 C,20.0 C,1.0,50.0 %,10640.907,1298.3,1.65,0.006569,0.01262,-0.002276,-0.00667,150.0 C,-10.0 C,FLIR C2,320x240,0.077,-4.0,117.0,117.0,PotentialFaultDetected with 61.78% probability,0.6178
83,FLIR1589.jpg,226,67,243,92,c:/Users/tantrivt/Desktop/Test/TransfVikram_Trial1/datasetsThermalImages/FLIR1589.jpg,FLIR1589.jpg,100 kB,JPEG,FLIR Systems AB,FLIR C2,318,288,0.95,1.00 m,20.0 C,20.0 C,20.0 C,1.0,50.0 %,10640.907,1298.3,1.65,0.006569,0.01262,-0.002276,-0.00667,150.0 C,-10.0 C,FLIR C2,320x240,0.077,-7.0,118.0,118.0,PotentialFaultDetected with 29.759999999999998% probability,0.2976
84,FLIR1589.jpg,186,68,204,85,c:/Users/tantrivt/Desktop/Test/TransfVikram_Trial1/datasetsThermalImages/FLIR1589.jpg,FLIR1589.jpg,100 kB,JPEG,FLIR Systems AB,FLIR C2,318,288,0.95,1.00 m,20.0 C,20.0 C,20.0 C,1.0,50.0 %,10640.907,1298.3,1.65,0.006569,0.01262,-0.002276,-0.00667,150.0 C,-10.0 C,FLIR C2,320x240,0.077,-4.0,117.0,117.0,PotentialFaultDetected with 38.18% probability,0.3818
85,FLIR1589.jpg,136,71,154,87,c:/Users/tantrivt/Desktop/Test/TransfVikram_Trial1/datasetsThermalImages/FLIR1589.jpg,FLIR1589.jpg,100 kB,JPEG,FLIR Systems AB,FLIR C2,318,288,0.95,1.00 m,20.0 C,20.0 C,20.0 C,1.0,50.0 %,10640.907,1298.3,1.65,0.006569,0.01262,-0.002276,-0.00667,150.0 C,-10.0 C,FLIR C2,320x240,0.077,-2.0,117.0,117.0,PotentialFaultDetected with 38.65% probability,0.3865
86,FLIR1589.jpg,65,80,85,92,c:/Users/tantrivt/Desktop/Test/TransfVikram_Trial1/datasetsThermalImages/FLIR1589.jpg,FLIR1589.jpg,100 kB,JPEG,FLIR Systems AB,FLIR C2,318,288,0.95,1.00 m,20.0 C,20.0 C,20.0 C,1.0,50.0 %,10640.907,1298.3,1.65,0.006569,0.01262,-0.002276,-0.00667,150.0 C,-10.0 C,FLIR C2,320x240,0.077,-9.0,117.0,117.0,PotentialFaultDetected with 41.14% probability,0.4114
87,FLIR1589.jpg,0,91,15,105,c:/Users/tantrivt/Desktop/Test/TransfVikram_Trial1/datasetsThermalImages/FLIR1589.jpg,FLIR1589.jpg,100 kB,JPEG,FLIR Systems AB,FLIR C2,318,288,0.95,1.00 m,20.0 C,20.0 C,20.0 C,1.0,50.0 %,10640.907,1298.3,1.65,0.006569,0.01262,-0.002276,-0.00667,150.0 C,-10.0 C,FLIR C2,320x240,0.077,-9.0,111.0,111.0,NoFaultDetected with 42.28% probability,0.4228
88,FLIR1589.jpg,274,103,295,129,c:/Users/tantrivt/Desktop/Test/TransfVikram_Trial1/datasetsThermalImages/FLIR1589.jpg,FLIR1589.jpg,100 kB,JPEG,FLIR Systems AB,FLIR C2,318,288,0.95,1.00 m,20.0 C,20.0 C,20.0 C,1.0,50.0 %,10640.907,1298.3,1.65,0.006569,0.01262,-0.002276,-0.00667,150.0 C,-10.0 C,FLIR C2,320x240,0.077,-7.0,112.0,112.0,NoFaultDetected with 50.839999999999996% probability,0.5084
89,FLIR1589.jpg,103,75,118,91,c:/Users/tantrivt/Desktop/Test/TransfVikram_Trial1/datasetsThermalImages/FLIR1589.jpg,FLIR1589.jpg,100 kB,JPEG,FLIR Systems AB,FLIR C2,318,288,0.95,1.00 m,20.0 C,20.0 C,20.0 C,1.0,50.0 %,10640.907,1298.3,1.65,0.006569,0.01262,-0.002276,-0.00667,150.0 C,-10.0 C,FLIR C2,320x240,0.077,2.0,113.0,111.0,NoFaultDetected with 54.84% probability,0.5484
90,FLIR1589.jpg,160,78,174,96,c:/Users/tantrivt/Desktop/Test/TransfVikram_Trial1/datasetsThermalImages/FLIR1589.jpg,FLIR1589.jpg,100 kB,JPEG,FLIR Systems AB,FLIR C2,318,288,0.95,1.00 m,20.0 C,20.0 C,20.0 C,1.0,50.0 %,10640.907,1298.3,1.65,0.006569,0.01262,-0.002276,-0.00667,150.0 C,-10.0 C,FLIR C2,320x240,0.077,10.0,114.0,104.0,NoFaultDetected with 72.09% probability,0.7209
91,FLIR1591.jpg,82,92,96,107,c:/Users/tantrivt/Desktop/Test/TransfVikram_Trial1/datasetsThermalImages/FLIR1591.jpg,FLIR1591.jpg,104 kB,JPEG,FLIR Systems AB,FLIR C2,318,289,0.95,1.00 m,20.0 C,20.0 C,20.0 C,1.0,50.0 %,10640.907,1298.3,1.65,0.006569,0.01262,-0.002276,-0.00667,150.0 C,-10.0 C,FLIR C2,320x240,0.077,-5.0,110.0,110.0,NoFaultDetected with 25.929999999999996% probability,0.2593
92,FLIR1591.jpg,120,89,133,99,c:/Users/tantrivt/Desktop/Test/TransfVikram_Trial1/datasetsThermalImages/FLIR1591.jpg,FLIR1591.jpg,104 kB,JPEG,FLIR Systems AB,FLIR C2,318,289,0.95,1.00 m,20.0 C,20.0 C,20.0 C,1.0,50.0 %,10640.907,1298.3,1.65,0.006569,0.01262,-0.002276,-0.00667,150.0 C,-10.0 C,FLIR C2,320x240,0.077,20.0,104.0,84.0,NoFaultDetected with 31.130000000000003% probability,0.3113
93,FLIR1591.jpg,223,78,250,95,c:/Users/tantrivt/Desktop/Test/TransfVikram_Trial1/datasetsThermalImages/FLIR1591.jpg,FLIR1591.jpg,104 kB,JPEG,FLIR Systems AB,FLIR C2,318,289,0.95,1.00 m,20.0 C,20.0 C,20.0 C,1.0,50.0 %,10640.907,1298.3,1.65,0.006569,0.01262,-0.002276,-0.00667,150.0 C,-10.0 C,FLIR C2,320x240,0.077,-0.0,116.0,116.0,PotentialFaultDetected with 31.4% probability,0.314
94,FLIR1591.jpg,265,72,285,90,c:/Users/tantrivt/Desktop/Test/TransfVikram_Trial1/datasetsThermalImages/FLIR1591.jpg,FLIR1591.jpg,104 kB,JPEG,FLIR Systems AB,FLIR C2,318,289,0.95,1.00 m,20.0 C,20.0 C,20.0 C,1.0,50.0 %,10640.907,1298.3,1.65,0.006569,0.01262,-0.002276,-0.00667,150.0 C,-10.0 C,FLIR C2,320x240,0.077,5.0,114.0,109.0,NoFaultDetected with 32.78% probability,0.3278
95,FLIR1591.jpg,38,218,59,237,c:/Users/tantrivt/Desktop/Test/TransfVikram_Trial1/datasetsThermalImages/FLIR1591.jpg,FLIR1591.jpg,104 kB,JPEG,FLIR Systems AB,FLIR C2,318,289,0.95,1.00 m,20.0 C,20.0 C,20.0 C,1.0,50.0 %,10640.907,1298.3,1.65,0.006569,0.01262,-0.002276,-0.00667,150.0 C,-10.0 C,FLIR C2,320x240,0.077,10.0,119.0,109.0,NoFaultDetected with 32.93% probability,0.3293
96,FLIR1591.jpg,153,93,174,110,c:/Users/tantrivt/Desktop/Test/TransfVikram_Trial1/datasetsThermalImages/FLIR1591.jpg,FLIR1591.jpg,104 kB,JPEG,FLIR Systems AB,FLIR C2,318,289,0.95,1.00 m,20.0 C,20.0 C,20.0 C,1.0,50.0 %,10640.907,1298.3,1.65,0.006569,0.01262,-0.002276,-0.00667,150.0 C,-10.0 C,FLIR C2,320x240,0.077,22.0,116.0,94.0,NoFaultDetected with 40.44% probability,0.4044
97,FLIR1593.jpg,99,103,122,123,c:/Users/tantrivt/Desktop/Test/TransfVikram_Trial1/datasetsThermalImages/FLIR1593.jpg,FLIR1593.jpg,96 kB,JPEG,FLIR Systems AB,FLIR C2,320,286,0.95,1.00 m,20.0 C,20.0 C,20.0 C,1.0,50.0 %,10640.907,1298.3,1.65,0.006569,0.01262,-0.002276,-0.00667,150.0 C,-10.0 C,FLIR C2,320x240,0.077,-9.0,115.0,115.0,PotentialFaultDetected with 53.73% probability,0.5373
98,FLIR1593.jpg,273,128,301,151,c:/Users/tantrivt/Desktop/Test/TransfVikram_Trial1/datasetsThermalImages/FLIR1593.jpg,FLIR1593.jpg,96 kB,JPEG,FLIR Systems AB,FLIR C2,320,286,0.95,1.00 m,20.0 C,20.0 C,20.0 C,1.0,50.0 %,10640.907,1298.3,1.65,0.006569,0.01262,-0.002276,-0.00667,150.0 C,-10.0 C,FLIR C2,320x240,0.077,6.0,119.0,113.0,NoFaultDetected with 60.97% probability,0.6097
99,FLIR1595.jpg,226,205,264,239,c:/Users/tantrivt/Desktop/Test/TransfVikram_Trial1/datasetsThermalImages/FLIR1595.jpg,FLIR1595.jpg,75 kB,JPEG,FLIR Systems AB,FLIR C2,317,276,0.95,1.00 m,20.0 C,20.0 C,20.0 C,1.0,50.0 %,10640.907,1298.3,1.65,0.006569,0.01262,-0.002276,-0.00667,150.0 C,-10.0 C,FLIR C2,320x240,0.077,-5.0,115.0,115.0,PotentialFaultDetected with 25.380000000000003% probability,0.2538
100,FLIR1595.jpg,156,201,184,226,c:/Users/tantrivt/Desktop/Test/TransfVikram_Trial1/datasetsThermalImages/FLIR1595.jpg,FLIR1595.jpg,75 kB,JPEG,FLIR Systems AB,FLIR C2,317,276,0.95,1.00 m,20.0 C,20.0 C,20.0 C,1.0,50.0 %,10640.907,1298.3,1.65,0.006569,0.01262,-0.002276,-0.00667,150.0 C,-10.0 C,FLIR C2,320x240,0.077,-5.0,118.0,118.0,PotentialFaultDetected with 27.189999999999998% probability,0.2719
101,FLIR1595.jpg,172,201,199,226,c:/Users/tantrivt/Desktop/Test/TransfVikram_Trial1/datasetsThermalImages/FLIR1595.jpg,FLIR1595.jpg,75 kB,JPEG,FLIR Systems AB,FLIR C2,317,276,0.95,1.00 m,20.0 C,20.0 C,20.0 C,1.0,50.0 %,10640.907,1298.3,1.65,0.006569,0.01262,-0.002276,-0.00667,150.0 C,-10.0 C,FLIR C2,320x240,0.077,-5.0,118.0,118.0,PotentialFaultDetected with 37.25% probability,0.3725
102,FLIR1595.jpg,243,209,280,240,c:/Users/tantrivt/Desktop/Test/TransfVikram_Trial1/datasetsThermalImages/FLIR1595.jpg,FLIR1595.jpg,75 kB,JPEG,FLIR Systems AB,FLIR C2,317,276,0.95,1.00 m,20.0 C,20.0 C,20.0 C,1.0,50.0 %,10640.907,1298.3,1.65,0.006569,0.01262,-0.002276,-0.00667,150.0 C,-10.0 C,FLIR C2,320x240,0.077,-8.0,117.0,117.0,PotentialFaultDetected with 43.38% probability,0.4338
103,FLIR1601.jpg,105,52,123,70,c:/Users/tantrivt/Desktop/Test/TransfVikram_Trial1/datasetsThermalImages/FLIR1601.jpg,FLIR1601.jpg,88 kB,JPEG,FLIR Systems AB,FLIR C2,317,291,0.95,1.00 m,20.0 C,20.0 C,20.0 C,1.0,50.0 %,10640.907,1298.3,1.65,0.006569,0.01262,-0.002276,-0.00667,150.0 C,-10.0 C,FLIR C2,320x240,0.077,-7.0,108.0,108.0,NoFaultDetected with 45.550000000000004% probability,0.4555
104,FLIR1601.jpg,284,54,306,79,c:/Users/tantrivt/Desktop/Test/TransfVikram_Trial1/datasetsThermalImages/FLIR1601.jpg,FLIR1601.jpg,88 kB,JPEG,FLIR Systems AB,FLIR C2,317,291,0.95,1.00 m,20.0 C,20.0 C,20.0 C,1.0,50.0 %,10640.907,1298.3,1.65,0.006569,0.01262,-0.002276,-0.00667,150.0 C,-10.0 C,FLIR C2,320x240,0.077,-2.0,109.0,109.0,NoFaultDetected with 45.56% probability,0.4556
105,FLIR1601.jpg,0,90,15,109,c:/Users/tantrivt/Desktop/Test/TransfVikram_Trial1/datasetsThermalImages/FLIR1601.jpg,FLIR1601.jpg,88 kB,JPEG,FLIR Systems AB,FLIR C2,317,291,0.95,1.00 m,20.0 C,20.0 C,20.0 C,1.0,50.0 %,10640.907,1298.3,1.65,0.006569,0.01262,-0.002276,-0.00667,150.0 C,-10.0 C,FLIR C2,320x240,0.077,-9.0,110.0,110.0,NoFaultDetected with 48.24% probability,0.4824
106,FLIR1601.jpg,59,59,77,74,c:/Users/tantrivt/Desktop/Test/TransfVikram_Trial1/datasetsThermalImages/FLIR1601.jpg,FLIR1601.jpg,88 kB,JPEG,FLIR Systems AB,FLIR C2,317,291,0.95,1.00 m,20.0 C,20.0 C,20.0 C,1.0,50.0 %,10640.907,1298.3,1.65,0.006569,0.01262,-0.002276,-0.00667,150.0 C,-10.0 C,FLIR C2,320x240,0.077,-8.0,116.0,116.0,PotentialFaultDetected with 56.55% probability,0.5655
107,FLIR1601.jpg,216,35,235,53,c:/Users/tantrivt/Desktop/Test/TransfVikram_Trial1/datasetsThermalImages/FLIR1601.jpg,FLIR1601.jpg,88 kB,JPEG,FLIR Systems AB,FLIR C2,317,291,0.95,1.00 m,20.0 C,20.0 C,20.0 C,1.0,50.0 %,10640.907,1298.3,1.65,0.006569,0.01262,-0.002276,-0.00667,150.0 C,-10.0 C,FLIR C2,320x240,0.077,-7.0,119.0,119.0,PotentialFaultDetected with 60.92999999999999% probability,0.6093
108,FLIR1601.jpg,21,67,38,81,c:/Users/tantrivt/Desktop/Test/TransfVikram_Trial1/datasetsThermalImages/FLIR1601.jpg,FLIR1601.jpg,88 kB,JPEG,FLIR Systems AB,FLIR C2,317,291,0.95,1.00 m,20.0 C,20.0 C,20.0 C,1.0,50.0 %,10640.907,1298.3,1.65,0.006569,0.01262,-0.002276,-0.00667,150.0 C,-10.0 C,FLIR C2,320x240,0.077,-8.0,119.0,119.0,PotentialFaultDetected with 67.11% probability,0.6711
109,FLIR1601.jpg,152,44,172,62,c:/Users/tantrivt/Desktop/Test/TransfVikram_Trial1/datasetsThermalImages/FLIR1601.jpg,FLIR1601.jpg,88 kB,JPEG,FLIR Systems AB,FLIR C2,317,291,0.95,1.00 m,20.0 C,20.0 C,20.0 C,1.0,50.0 %,10640.907,1298.3,1.65,0.006569,0.01262,-0.002276,-0.00667,150.0 C,-10.0 C,FLIR C2,320x240,0.077,-2.0,106.0,106.0,NoFaultDetected with 71.0% probability,0.71
110,FLIR1603.jpg,68,86,88,100,c:/Users/tantrivt/Desktop/Test/TransfVikram_Trial1/datasetsThermalImages/FLIR1603.jpg,FLIR1603.jpg,95 kB,JPEG,FLIR Systems AB,FLIR C2,318,289,0.95,1.00 m,20.0 C,20.0 C,20.0 C,1.0,50.0 %,10640.907,1298.3,1.65,0.006569,0.01262,-0.002276,-0.00667,150.0 C,-10.0 C,FLIR C2,320x240,0.077,-4.0,116.0,116.0,PotentialFaultDetected with 29.270000000000003% probability,0.2927
111,FLIR1603.jpg,22,83,41,99,c:/Users/tantrivt/Desktop/Test/TransfVikram_Trial1/datasetsThermalImages/FLIR1603.jpg,FLIR1603.jpg,95 kB,JPEG,FLIR Systems AB,FLIR C2,318,289,0.95,1.00 m,20.0 C,20.0 C,20.0 C,1.0,50.0 %,10640.907,1298.3,1.65,0.006569,0.01262,-0.002276,-0.00667,150.0 C,-10.0 C,FLIR C2,320x240,0.077,-9.0,116.0,116.0,PotentialFaultDetected with 34.96% probability,0.3496
112,FLIR1603.jpg,166,84,188,106,c:/Users/tantrivt/Desktop/Test/TransfVikram_Trial1/datasetsThermalImages/FLIR1603.jpg,FLIR1603.jpg,95 kB,JPEG,FLIR Systems AB,FLIR C2,318,289,0.95,1.00 m,20.0 C,20.0 C,20.0 C,1.0,50.0 %,10640.907,1298.3,1.65,0.006569,0.01262,-0.002276,-0.00667,150.0 C,-10.0 C,FLIR C2,320x240,0.077,-3.0,117.0,117.0,PotentialFaultDetected with 44.15% probability,0.4415
113,FLIR1603.jpg,214,90,242,108,c:/Users/tantrivt/Desktop/Test/TransfVikram_Trial1/datasetsThermalImages/FLIR1603.jpg,FLIR1603.jpg,95 kB,JPEG,FLIR Systems AB,FLIR C2,318,289,0.95,1.00 m,20.0 C,20.0 C,20.0 C,1.0,50.0 %,10640.907,1298.3,1.65,0.006569,0.01262,-0.002276,-0.00667,150.0 C,-10.0 C,FLIR C2,320x240,0.077,3.0,116.0,113.0,NoFaultDetected with 46.33% probability,0.4633
114,FLIR1603.jpg,0,210,17,237,c:/Users/tantrivt/Desktop/Test/TransfVikram_Trial1/datasetsThermalImages/FLIR1603.jpg,FLIR1603.jpg,95 kB,JPEG,FLIR Systems AB,FLIR C2,318,289,0.95,1.00 m,20.0 C,20.0 C,20.0 C,1.0,50.0 %,10640.907,1298.3,1.65,0.006569,0.01262,-0.002276,-0.00667,150.0 C,-10.0 C,FLIR C2,320x240,0.077,-3.0,118.0,118.0,PotentialFaultDetected with 47.49% probability,0.4749
115,FLIR1603.jpg,114,86,138,102,c:/Users/tantrivt/Desktop/Test/TransfVikram_Trial1/datasetsThermalImages/FLIR1603.jpg,FLIR1603.jpg,95 kB,JPEG,FLIR Systems AB,FLIR C2,318,289,0.95,1.00 m,20.0 C,20.0 C,20.0 C,1.0,50.0 %,10640.907,1298.3,1.65,0.006569,0.01262,-0.002276,-0.00667,150.0 C,-10.0 C,FLIR C2,320x240,0.077,-9.0,109.0,109.0,NoFaultDetected with 52.15% probability,0.5215
116,FLIR1605.jpg,164,78,185,95,c:/Users/tantrivt/Desktop/Test/TransfVikram_Trial1/datasetsThermalImages/FLIR1605.jpg,FLIR1605.jpg,112 kB,JPEG,FLIR Systems AB,FLIR C2,318,293,0.95,1.00 m,20.0 C,20.0 C,20.0 C,1.0,50.0 %,10640.907,1298.3,1.65,0.006569,0.01262,-0.002276,-0.00667,150.0 C,-10.0 C,FLIR C2,320x240,0.077,-9.0,107.0,107.0,NoFaultDetected with 26.33% probability,0.2633
117,FLIR1605.jpg,124,73,144,91,c:/Users/tantrivt/Desktop/Test/TransfVikram_Trial1/datasetsThermalImages/FLIR1605.jpg,FLIR1605.jpg,112 kB,JPEG,FLIR Systems AB,FLIR C2,318,293,0.95,1.00 m,20.0 C,20.0 C,20.0 C,1.0,50.0 %,10640.907,1298.3,1.65,0.006569,0.01262,-0.002276,-0.00667,150.0 C,-10.0 C,FLIR C2,320x240,0.077,-8.0,116.0,116.0,PotentialFaultDetected with 26.97% probability,0.2697
118,FLIR1605.jpg,233,85,251,106,c:/Users/tantrivt/Desktop/Test/TransfVikram_Trial1/datasetsThermalImages/FLIR1605.jpg,FLIR1605.jpg,112 kB,JPEG,FLIR Systems AB,FLIR C2,318,293,0.95,1.00 m,20.0 C,20.0 C,20.0 C,1.0,50.0 %,10640.907,1298.3,1.65,0.006569,0.01262,-0.002276,-0.00667,150.0 C,-10.0 C,FLIR C2,320x240,0.077,10.0,117.0,107.0,NoFaultDetected with 33.79% probability,0.3379
119,FLIR1605.jpg,199,80,216,99,c:/Users/tantrivt/Desktop/Test/TransfVikram_Trial1/datasetsThermalImages/FLIR1605.jpg,FLIR1605.jpg,112 kB,JPEG,FLIR Systems AB,FLIR C2,318,293,0.95,1.00 m,20.0 C,20.0 C,20.0 C,1.0,50.0 %,10640.907,1298.3,1.65,0.006569,0.01262,-0.002276,-0.00667,150.0 C,-10.0 C,FLIR C2,320x240,0.077,-5.0,117.0,117.0,PotentialFaultDetected with 34.31% probability,0.3431
120,FLIR1605.jpg,85,73,104,85,c:/Users/tantrivt/Desktop/Test/TransfVikram_Trial1/datasetsThermalImages/FLIR1605.jpg,FLIR1605.jpg,112 kB,JPEG,FLIR Systems AB,FLIR C2,318,293,0.95,1.00 m,20.0 C,20.0 C,20.0 C,1.0,50.0 %,10640.907,1298.3,1.65,0.006569,0.01262,-0.002276,-0.00667,150.0 C,-10.0 C,FLIR C2,320x240,0.077,-0.0,117.0,117.0,PotentialFaultDetected with 36.83% probability,0.3683
121,FLIR1605.jpg,2,217,22,236,c:/Users/tantrivt/Desktop/Test/TransfVikram_Trial1/datasetsThermalImages/FLIR1605.jpg,FLIR1605.jpg,112 kB,JPEG,FLIR Systems AB,FLIR C2,318,293,0.95,1.00 m,20.0 C,20.0 C,20.0 C,1.0,50.0 %,10640.907,1298.3,1.65,0.006569,0.01262,-0.002276,-0.00667,150.0 C,-10.0 C,FLIR C2,320x240,0.077,-3.0,117.0,117.0,PotentialFaultDetected with 40.33% probability,0.4033
122,FLIR1605.jpg,35,96,48,114,c:/Users/tantrivt/Desktop/Test/TransfVikram_Trial1/datasetsThermalImages/FLIR1605.jpg,FLIR1605.jpg,112 kB,JPEG,FLIR Systems AB,FLIR C2,318,293,0.95,1.00 m,20.0 C,20.0 C,20.0 C,1.0,50.0 %,10640.907,1298.3,1.65,0.006569,0.01262,-0.002276,-0.00667,150.0 C,-10.0 C,FLIR C2,320x240,0.077,-4.0,110.0,110.0,NoFaultDetected with 43.02% probability,0.4302
123,FLIR1607.jpg,291,116,305,139,c:/Users/tantrivt/Desktop/Test/TransfVikram_Trial1/datasetsThermalImages/FLIR1607.jpg,FLIR1607.jpg,117 kB,JPEG,FLIR Systems AB,FLIR C2,318,290,0.95,1.00 m,20.0 C,20.0 C,20.0 C,1.0,50.0 %,10640.907,1298.3,1.65,0.006569,0.01262,-0.002276,-0.00667,150.0 C,-10.0 C,FLIR C2,320x240,0.077,18.0,118.0,100.0,NoFaultDetected with 25.77% probability,0.2577
124,FLIR1607.jpg,174,83,191,99,c:/Users/tantrivt/Desktop/Test/TransfVikram_Trial1/datasetsThermalImages/FLIR1607.jpg,FLIR1607.jpg,117 kB,JPEG,FLIR Systems AB,FLIR C2,318,290,0.95,1.00 m,20.0 C,20.0 C,20.0 C,1.0,50.0 %,10640.907,1298.3,1.65,0.006569,0.01262,-0.002276,-0.00667,150.0 C,-10.0 C,FLIR C2,320x240,0.077,3.0,113.0,110.0,NoFaultDetected with 30.380000000000003% probability,0.3038
125,FLIR1607.jpg,115,83,146,102,c:/Users/tantrivt/Desktop/Test/TransfVikram_Trial1/datasetsThermalImages/FLIR1607.jpg,FLIR1607.jpg,117 kB,JPEG,FLIR Systems AB,FLIR C2,318,290,0.95,1.00 m,20.0 C,20.0 C,20.0 C,1.0,50.0 %,10640.907,1298.3,1.65,0.006569,0.01262,-0.002276,-0.00667,150.0 C,-10.0 C,FLIR C2,320x240,0.077,-5.0,116.0,116.0,PotentialFaultDetected with 48.9% probability,0.489
126,FLIR1607.jpg,0,217,29,236,c:/Users/tantrivt/Desktop/Test/TransfVikram_Trial1/datasetsThermalImages/FLIR1607.jpg,FLIR1607.jpg,117 kB,JPEG,FLIR Systems AB,FLIR C2,318,290,0.95,1.00 m,20.0 C,20.0 C,20.0 C,1.0,50.0 %,10640.907,1298.3,1.65,0.006569,0.01262,-0.002276,-0.00667,150.0 C,-10.0 C,FLIR C2,320x240,0.077,-0.0,116.0,116.0,PotentialFaultDetected with 59.040000000000006% probability,0.5904
127,FLIR1633.jpg,157,115,178,144,c:/Users/tantrivt/Desktop/Test/TransfVikram_Trial1/datasetsThermalImages/FLIR1633.jpg,FLIR1633.jpg,74 kB,JPEG,FLIR Systems AB,FLIR C2,316,290,0.95,1.00 m,20.0 C,20.0 C,20.0 C,1.0,50.0 %,10640.907,1298.3,1.65,0.006569,0.01262,-0.002276,-0.00667,150.0 C,-10.0 C,FLIR C2,320x240,0.077,11.0,118.0,107.0,NoFaultDetected with 30.4% probability,0.304
128,FLIR1633.jpg,127,106,145,128,c:/Users/tantrivt/Desktop/Test/TransfVikram_Trial1/datasetsThermalImages/FLIR1633.jpg,FLIR1633.jpg,74 kB,JPEG,FLIR Systems AB,FLIR C2,316,290,0.95,1.00 m,20.0 C,20.0 C,20.0 C,1.0,50.0 %,10640.907,1298.3,1.65,0.006569,0.01262,-0.002276,-0.00667,150.0 C,-10.0 C,FLIR C2,320x240,0.077,-2.0,118.0,118.0,PotentialFaultDetected with 48.17% probability,0.4817
129,FLIR1633.jpg,280,126,295,144,c:/Users/tantrivt/Desktop/Test/TransfVikram_Trial1/datasetsThermalImages/FLIR1633.jpg,FLIR1633.jpg,74 kB,JPEG,FLIR Systems AB,FLIR C2,316,290,0.95,1.00 m,20.0 C,20.0 C,20.0 C,1.0,50.0 %,10640.907,1298.3,1.65,0.006569,0.01262,-0.002276,-0.00667,150.0 C,-10.0 C,FLIR C2,320x240,0.077,21.0,111.0,90.0,NoFaultDetected with 62.150000000000006% probability,0.6215
130,FLIR1635.jpg,28,99,50,119,c:/Users/tantrivt/Desktop/Test/TransfVikram_Trial1/datasetsThermalImages/FLIR1635.jpg,FLIR1635.jpg,73 kB,JPEG,FLIR Systems AB,FLIR C2,315,290,0.95,1.00 m,20.0 C,20.0 C,20.0 C,1.0,50.0 %,10640.907,1298.3,1.65,0.006569,0.01262,-0.002276,-0.00667,150.0 C,-10.0 C,FLIR C2,320x240,0.077,-7.0,119.0,119.0,PotentialFaultDetected with 26.5% probability,0.265
131,FLIR1635.jpg,30,96,42,114,c:/Users/tantrivt/Desktop/Test/TransfVikram_Trial1/datasetsThermalImages/FLIR1635.jpg,FLIR1635.jpg,73 kB,JPEG,FLIR Systems AB,FLIR C2,315,290,0.95,1.00 m,20.0 C,20.0 C,20.0 C,1.0,50.0 %,10640.907,1298.3,1.65,0.006569,0.01262,-0.002276,-0.00667,150.0 C,-10.0 C,FLIR C2,320x240,0.077,-7.0,108.0,108.0,NoFaultDetected with 38.47% probability,0.3847
132,FLIR1635.jpg,143,139,163,166,c:/Users/tantrivt/Desktop/Test/TransfVikram_Trial1/datasetsThermalImages/FLIR1635.jpg,FLIR1635.jpg,73 kB,JPEG,FLIR Systems AB,FLIR C2,315,290,0.95,1.00 m,20.0 C,20.0 C,20.0 C,1.0,50.0 %,10640.907,1298.3,1.65,0.006569,0.01262,-0.002276,-0.00667,150.0 C,-10.0 C,FLIR C2,320x240,0.077,-2.0,119.0,119.0,PotentialFaultDetected with 44.85% probability,0.4485
133,FLIR1635.jpg,59,104,78,123,c:/Users/tantrivt/Desktop/Test/TransfVikram_Trial1/datasetsThermalImages/FLIR1635.jpg,FLIR1635.jpg,73 kB,JPEG,FLIR Systems AB,FLIR C2,315,290,0.95,1.00 m,20.0 C,20.0 C,20.0 C,1.0,50.0 %,10640.907,1298.3,1.65,0.006569,0.01262,-0.002276,-0.00667,150.0 C,-10.0 C,FLIR C2,320x240,0.077,-9.0,114.0,114.0,NoFaultDetected with 50.43% probability,0.5043
134,FLIR1635.jpg,91,112,113,132,c:/Users/tantrivt/Desktop/Test/TransfVikram_Trial1/datasetsThermalImages/FLIR1635.jpg,FLIR1635.jpg,73 kB,JPEG,FLIR Systems AB,FLIR C2,315,290,0.95,1.00 m,20.0 C,20.0 C,20.0 C,1.0,50.0 %,10640.907,1298.3,1.65,0.006569,0.01262,-0.002276,-0.00667,150.0 C,-10.0 C,FLIR C2,320x240,0.077,-5.0,119.0,119.0,PotentialFaultDetected with 52.949999999999996% probability,0.5295
135,FLIR1635.jpg,122,117,138,136,c:/Users/tantrivt/Desktop/Test/TransfVikram_Trial1/datasetsThermalImages/FLIR1635.jpg,FLIR1635.jpg,73 kB,JPEG,FLIR Systems AB,FLIR C2,315,290,0.95,1.00 m,20.0 C,20.0 C,20.0 C,1.0,50.0 %,10640.907,1298.3,1.65,0.006569,0.01262,-0.002276,-0.00667,150.0 C,-10.0 C,FLIR C2,320x240,0.077,3.0,116.0,113.0,NoFaultDetected with 57.15% probability,0.5715
136,FLIR1635.jpg,0,217,30,239,c:/Users/tantrivt/Desktop/Test/TransfVikram_Trial1/datasetsThermalImages/FLIR1635.jpg,FLIR1635.jpg,73 kB,JPEG,FLIR Systems AB,FLIR C2,315,290,0.95,1.00 m,20.0 C,20.0 C,20.0 C,1.0,50.0 %,10640.907,1298.3,1.65,0.006569,0.01262,-0.002276,-0.00667,150.0 C,-10.0 C,FLIR C2,320x240,0.077,-8.0,117.0,117.0,PotentialFaultDetected with 63.56% probability,0.6356
137,FLIR1645.jpg,55,62,84,84,c:/Users/tantrivt/Desktop/Test/TransfVikram_Trial1/datasetsThermalImages/FLIR1645.jpg,FLIR1645.jpg,82 kB,JPEG,FLIR Systems AB,FLIR C2,311,289,0.95,1.00 m,20.0 C,20.0 C,20.0 C,1.0,50.0 %,10640.907,1298.3,1.65,0.006569,0.01262,-0.002276,-0.00667,150.0 C,-10.0 C,FLIR C2,320x240,0.077,11.0,118.0,107.0,NoFaultDetected with 26.77% probability,0.2677
138,FLIR1645.jpg,176,68,194,85,c:/Users/tantrivt/Desktop/Test/TransfVikram_Trial1/datasetsThermalImages/FLIR1645.jpg,FLIR1645.jpg,82 kB,JPEG,FLIR Systems AB,FLIR C2,311,289,0.95,1.00 m,20.0 C,20.0 C,20.0 C,1.0,50.0 %,10640.907,1298.3,1.65,0.006569,0.01262,-0.002276,-0.00667,150.0 C,-10.0 C,FLIR C2,320x240,0.077,3.0,119.0,116.0,PotentialFaultDetected with 50.18% probability,0.5018
139,FLIR1645.jpg,0,217,31,239,c:/Users/tantrivt/Desktop/Test/TransfVikram_Trial1/datasetsThermalImages/FLIR1645.jpg,FLIR1645.jpg,82 kB,JPEG,FLIR Systems AB,FLIR C2,311,289,0.95,1.00 m,20.0 C,20.0 C,20.0 C,1.0,50.0 %,10640.907,1298.3,1.65,0.006569,0.01262,-0.002276,-0.00667,150.0 C,-10.0 C,FLIR C2,320x240,0.077,35.0,104.0,69.0,NoFaultDetected with 52.56999999999999% probability,0.5257
140,FLIR1673.jpg,127,68,142,90,c:/Users/tantrivt/Desktop/Test/TransfVikram_Trial1/datasetsThermalImages/FLIR1673.jpg,FLIR1673.jpg,114 kB,JPEG,FLIR Systems AB,FLIR C2,316,291,0.95,1.00 m,20.0 C,20.0 C,20.0 C,1.0,50.0 %,10640.907,1298.3,1.65,0.006569,0.01262,-0.002276,-0.00667,150.0 C,-10.0 C,FLIR C2,320x240,0.077,-7.0,118.0,118.0,PotentialFaultDetected with 28.88% probability,0.2888
141,FLIR1673.jpg,179,63,193,83,c:/Users/tantrivt/Desktop/Test/TransfVikram_Trial1/datasetsThermalImages/FLIR1673.jpg,FLIR1673.jpg,114 kB,JPEG,FLIR Systems AB,FLIR C2,316,291,0.95,1.00 m,20.0 C,20.0 C,20.0 C,1.0,50.0 %,10640.907,1298.3,1.65,0.006569,0.01262,-0.002276,-0.00667,150.0 C,-10.0 C,FLIR C2,320x240,0.077,-8.0,89.0,89.0,NoFaultDetected with 35.46% probability,0.3546
142,FLIR1673.jpg,262,69,286,88,c:/Users/tantrivt/Desktop/Test/TransfVikram_Trial1/datasetsThermalImages/FLIR1673.jpg,FLIR1673.jpg,114 kB,JPEG,FLIR Systems AB,FLIR C2,316,291,0.95,1.00 m,20.0 C,20.0 C,20.0 C,1.0,50.0 %,10640.907,1298.3,1.65,0.006569,0.01262,-0.002276,-0.00667,150.0 C,-10.0 C,FLIR C2,320x240,0.077,4.0,117.0,113.0,NoFaultDetected with 40.23% probability,0.4023
143,FLIR1673.jpg,224,70,243,85,c:/Users/tantrivt/Desktop/Test/TransfVikram_Trial1/datasetsThermalImages/FLIR1673.jpg,FLIR1673.jpg,114 kB,JPEG,FLIR Systems AB,FLIR C2,316,291,0.95,1.00 m,20.0 C,20.0 C,20.0 C,1.0,50.0 %,10640.907,1298.3,1.65,0.006569,0.01262,-0.002276,-0.00667,150.0 C,-10.0 C,FLIR C2,320x240,0.077,-0.0,114.0,114.0,NoFaultDetected with 60.85% probability,0.6085
144,FLIR1675.jpg,118,59,131,77,c:/Users/tantrivt/Desktop/Test/TransfVikram_Trial1/datasetsThermalImages/FLIR1675.jpg,FLIR1675.jpg,113 kB,JPEG,FLIR Systems AB,FLIR C2,316,292,0.95,1.00 m,20.0 C,20.0 C,20.0 C,1.0,50.0 %,10640.907,1298.3,1.65,0.006569,0.01262,-0.002276,-0.00667,150.0 C,-10.0 C,FLIR C2,320x240,0.077,-7.0,116.0,116.0,PotentialFaultDetected with 29.630000000000003% probability,0.2963
145,FLIR1675.jpg,170,57,181,74,c:/Users/tantrivt/Desktop/Test/TransfVikram_Trial1/datasetsThermalImages/FLIR1675.jpg,FLIR1675.jpg,113 kB,JPEG,FLIR Systems AB,FLIR C2,316,292,0.95,1.00 m,20.0 C,20.0 C,20.0 C,1.0,50.0 %,10640.907,1298.3,1.65,0.006569,0.01262,-0.002276,-0.00667,150.0 C,-10.0 C,FLIR C2,320x240,0.077,-9.0,115.0,115.0,PotentialFaultDetected with 32.74% probability,0.3274
146,FLIR1675.jpg,119,64,130,86,c:/Users/tantrivt/Desktop/Test/TransfVikram_Trial1/datasetsThermalImages/FLIR1675.jpg,FLIR1675.jpg,113 kB,JPEG,FLIR Systems AB,FLIR C2,316,292,0.95,1.00 m,20.0 C,20.0 C,20.0 C,1.0,50.0 %,10640.907,1298.3,1.65,0.006569,0.01262,-0.002276,-0.00667,150.0 C,-10.0 C,FLIR C2,320x240,0.077,3.0,116.0,113.0,NoFaultDetected with 42.55% probability,0.4255
147,FLIR1675.jpg,255,63,278,79,c:/Users/tantrivt/Desktop/Test/TransfVikram_Trial1/datasetsThermalImages/FLIR1675.jpg,FLIR1675.jpg,113 kB,JPEG,FLIR Systems AB,FLIR C2,316,292,0.95,1.00 m,20.0 C,20.0 C,20.0 C,1.0,50.0 %,10640.907,1298.3,1.65,0.006569,0.01262,-0.002276,-0.00667,150.0 C,-10.0 C,FLIR C2,320x240,0.077,-7.0,118.0,118.0,PotentialFaultDetected with 44.57% probability,0.4457
148,FLIR1675.jpg,210,62,228,79,c:/Users/tantrivt/Desktop/Test/TransfVikram_Trial1/datasetsThermalImages/FLIR1675.jpg,FLIR1675.jpg,113 kB,JPEG,FLIR Systems AB,FLIR C2,316,292,0.95,1.00 m,20.0 C,20.0 C,20.0 C,1.0,50.0 %,10640.907,1298.3,1.65,0.006569,0.01262,-0.002276,-0.00667,150.0 C,-10.0 C,FLIR C2,320x240,0.077,-9.0,114.0,114.0,NoFaultDetected with 52.88% probability,0.5288
149,FLIR1683.jpg,125,173,156,199,c:/Users/tantrivt/Desktop/Test/TransfVikram_Trial1/datasetsThermalImages/FLIR1683.jpg,FLIR1683.jpg,101 kB,JPEG,FLIR Systems AB,FLIR C2,316,288,0.95,1.00 m,20.0 C,20.0 C,20.0 C,1.0,50.0 %,10640.907,1298.3,1.65,0.006569,0.01262,-0.002276,-0.00667,150.0 C,-10.0 C,FLIR C2,320x240,0.077,-7.0,114.0,114.0,NoFaultDetected with 28.09% probability,0.2809
150,FLIR1683.jpg,241,200,267,220,c:/Users/tantrivt/Desktop/Test/TransfVikram_Trial1/datasetsThermalImages/FLIR1683.jpg,FLIR1683.jpg,101 kB,JPEG,FLIR Systems AB,FLIR C2,316,288,0.95,1.00 m,20.0 C,20.0 C,20.0 C,1.0,50.0 %,10640.907,1298.3,1.65,0.006569,0.01262,-0.002276,-0.00667,150.0 C,-10.0 C,FLIR C2,320x240,0.077,-2.0,117.0,117.0,PotentialFaultDetected with 28.189999999999998% probability,0.2819
151,FLIR1683.jpg,95,174,113,200,c:/Users/tantrivt/Desktop/Test/TransfVikram_Trial1/datasetsThermalImages/FLIR1683.jpg,FLIR1683.jpg,101 kB,JPEG,FLIR Systems AB,FLIR C2,316,288,0.95,1.00 m,20.0 C,20.0 C,20.0 C,1.0,50.0 %,10640.907,1298.3,1.65,0.006569,0.01262,-0.002276,-0.00667,150.0 C,-10.0 C,FLIR C2,320x240,0.077,-9.0,118.0,118.0,PotentialFaultDetected with 28.63% probability,0.2863
152,FLIR1683.jpg,62,171,87,197,c:/Users/tantrivt/Desktop/Test/TransfVikram_Trial1/datasetsThermalImages/FLIR1683.jpg,FLIR1683.jpg,101 kB,JPEG,FLIR Systems AB,FLIR C2,316,288,0.95,1.00 m,20.0 C,20.0 C,20.0 C,1.0,50.0 %,10640.907,1298.3,1.65,0.006569,0.01262,-0.002276,-0.00667,150.0 C,-10.0 C,FLIR C2,320x240,0.077,3.0,118.0,115.0,PotentialFaultDetected with 35.0% probability,0.35
153,FLIR1683.jpg,5,212,31,237,c:/Users/tantrivt/Desktop/Test/TransfVikram_Trial1/datasetsThermalImages/FLIR1683.jpg,FLIR1683.jpg,101 kB,JPEG,FLIR Systems AB,FLIR C2,316,288,0.95,1.00 m,20.0 C,20.0 C,20.0 C,1.0,50.0 %,10640.907,1298.3,1.65,0.006569,0.01262,-0.002276,-0.00667,150.0 C,-10.0 C,FLIR C2,320x240,0.077,-8.0,110.0,110.0,NoFaultDetected with 37.45% probability,0.3745
154,FLIR1683.jpg,208,195,230,218,c:/Users/tantrivt/Desktop/Test/TransfVikram_Trial1/datasetsThermalImages/FLIR1683.jpg,FLIR1683.jpg,101 kB,JPEG,FLIR Systems AB,FLIR C2,316,288,0.95,1.00 m,20.0 C,20.0 C,20.0 C,1.0,50.0 %,10640.907,1298.3,1.65,0.006569,0.01262,-0.002276,-0.00667,150.0 C,-10.0 C,FLIR C2,320x240,0.077,-8.0,119.0,119.0,PotentialFaultDetected with 42.08% probability,0.4208
155,FLIR1683.jpg,257,18,271,35,c:/Users/tantrivt/Desktop/Test/TransfVikram_Trial1/datasetsThermalImages/FLIR1683.jpg,FLIR1683.jpg,101 kB,JPEG,FLIR Systems AB,FLIR C2,316,288,0.95,1.00 m,20.0 C,20.0 C,20.0 C,1.0,50.0 %,10640.907,1298.3,1.65,0.006569,0.01262,-0.002276,-0.00667,150.0 C,-10.0 C,FLIR C2,320x240,0.077,-9.0,83.0,83.0,NoFaultDetected with 44.48% probability,0.4448
156,FLIR1683.jpg,62,173,120,199,c:/Users/tantrivt/Desktop/Test/TransfVikram_Trial1/datasetsThermalImages/FLIR1683.jpg,FLIR1683.jpg,101 kB,JPEG,FLIR Systems AB,FLIR C2,316,288,0.95,1.00 m,20.0 C,20.0 C,20.0 C,1.0,50.0 %,10640.907,1298.3,1.65,0.006569,0.01262,-0.002276,-0.00667,150.0 C,-10.0 C,FLIR C2,320x240,0.077,-9.0,118.0,118.0,PotentialFaultDetected with 48.089999999999996% probability,0.4809
157,FLIR1683.jpg,212,198,270,220,c:/Users/tantrivt/Desktop/Test/TransfVikram_Trial1/datasetsThermalImages/FLIR1683.jpg,FLIR1683.jpg,101 kB,JPEG,FLIR Systems AB,FLIR C2,316,288,0.95,1.00 m,20.0 C,20.0 C,20.0 C,1.0,50.0 %,10640.907,1298.3,1.65,0.006569,0.01262,-0.002276,-0.00667,150.0 C,-10.0 C,FLIR C2,320x240,0.077,-8.0,117.0,117.0,PotentialFaultDetected with 57.14% probability,0.5714
158,FLIR1683.jpg,174,194,191,217,c:/Users/tantrivt/Desktop/Test/TransfVikram_Trial1/datasetsThermalImages/FLIR1683.jpg,FLIR1683.jpg,101 kB,JPEG,FLIR Systems AB,FLIR C2,316,288,0.95,1.00 m,20.0 C,20.0 C,20.0 C,1.0,50.0 %,10640.907,1298.3,1.65,0.006569,0.01262,-0.002276,-0.00667,150.0 C,-10.0 C,FLIR C2,320x240,0.077,3.0,117.0,114.0,NoFaultDetected with 61.91% probability,0.6191
159,FLIR1685.jpg,125,173,152,199,c:/Users/tantrivt/Desktop/Test/TransfVikram_Trial1/datasetsThermalImages/FLIR1685.jpg,FLIR1685.jpg,100 kB,JPEG,FLIR Systems AB,FLIR C2,315,288,0.95,1.00 m,20.0 C,20.0 C,20.0 C,1.0,50.0 %,10640.907,1298.3,1.65,0.006569,0.01262,-0.002276,-0.00667,150.0 C,-10.0 C,FLIR C2,320x240,0.077,-8.0,117.0,117.0,PotentialFaultDetected with 28.32% probability,0.2832
160,FLIR1685.jpg,93,172,114,202,c:/Users/tantrivt/Desktop/Test/TransfVikram_Trial1/datasetsThermalImages/FLIR1685.jpg,FLIR1685.jpg,100 kB,JPEG,FLIR Systems AB,FLIR C2,315,288,0.95,1.00 m,20.0 C,20.0 C,20.0 C,1.0,50.0 %,10640.907,1298.3,1.65,0.006569,0.01262,-0.002276,-0.00667,150.0 C,-10.0 C,FLIR C2,320x240,0.077,-2.0,119.0,119.0,PotentialFaultDetected with 35.38% probability,0.3538
161,FLIR1685.jpg,238,198,263,217,c:/Users/tantrivt/Desktop/Test/TransfVikram_Trial1/datasetsThermalImages/FLIR1685.jpg,FLIR1685.jpg,100 kB,JPEG,FLIR Systems AB,FLIR C2,315,288,0.95,1.00 m,20.0 C,20.0 C,20.0 C,1.0,50.0 %,10640.907,1298.3,1.65,0.006569,0.01262,-0.002276,-0.00667,150.0 C,-10.0 C,FLIR C2,320x240,0.077,-2.0,117.0,117.0,PotentialFaultDetected with 45.67% probability,0.4567
162,FLIR1685.jpg,62,171,84,197,c:/Users/tantrivt/Desktop/Test/TransfVikram_Trial1/datasetsThermalImages/FLIR1685.jpg,FLIR1685.jpg,100 kB,JPEG,FLIR Systems AB,FLIR C2,315,288,0.95,1.00 m,20.0 C,20.0 C,20.0 C,1.0,50.0 %,10640.907,1298.3,1.65,0.006569,0.01262,-0.002276,-0.00667,150.0 C,-10.0 C,FLIR C2,320x240,0.077,16.0,118.0,102.0,NoFaultDetected with 49.120000000000005% probability,0.4912
163,FLIR1685.jpg,252,16,265,34,c:/Users/tantrivt/Desktop/Test/TransfVikram_Trial1/datasetsThermalImages/FLIR1685.jpg,FLIR1685.jpg,100 kB,JPEG,FLIR Systems AB,FLIR C2,315,288,0.95,1.00 m,20.0 C,20.0 C,20.0 C,1.0,50.0 %,10640.907,1298.3,1.65,0.006569,0.01262,-0.002276,-0.00667,150.0 C,-10.0 C,FLIR C2,320x240,0.077,3.0,112.0,109.0,NoFaultDetected with 51.5% probability,0.515
164,FLIR1685.jpg,4,213,28,238,c:/Users/tantrivt/Desktop/Test/TransfVikram_Trial1/datasetsThermalImages/FLIR1685.jpg,FLIR1685.jpg,100 kB,JPEG,FLIR Systems AB,FLIR C2,315,288,0.95,1.00 m,20.0 C,20.0 C,20.0 C,1.0,50.0 %,10640.907,1298.3,1.65,0.006569,0.01262,-0.002276,-0.00667,150.0 C,-10.0 C,FLIR C2,320x240,0.077,-4.0,116.0,116.0,PotentialFaultDetected with 55.31% probability,0.5531
165,FLIR1685.jpg,205,193,227,216,c:/Users/tantrivt/Desktop/Test/TransfVikram_Trial1/datasetsThermalImages/FLIR1685.jpg,FLIR1685.jpg,100 kB,JPEG,FLIR Systems AB,FLIR C2,315,288,0.95,1.00 m,20.0 C,20.0 C,20.0 C,1.0,50.0 %,10640.907,1298.3,1.65,0.006569,0.01262,-0.002276,-0.00667,150.0 C,-10.0 C,FLIR C2,320x240,0.077,-3.0,116.0,116.0,PotentialFaultDetected with 55.76% probability,0.5576
166,FLIR1685.jpg,170,189,189,216,c:/Users/tantrivt/Desktop/Test/TransfVikram_Trial1/datasetsThermalImages/FLIR1685.jpg,FLIR1685.jpg,100 kB,JPEG,FLIR Systems AB,FLIR C2,315,288,0.95,1.00 m,20.0 C,20.0 C,20.0 C,1.0,50.0 %,10640.907,1298.3,1.65,0.006569,0.01262,-0.002276,-0.00667,150.0 C,-10.0 C,FLIR C2,320x240,0.077,-8.0,119.0,119.0,PotentialFaultDetected with 60.06% probability,0.6006
167,FLIR1685.jpg,62,174,118,196,c:/Users/tantrivt/Desktop/Test/TransfVikram_Trial1/datasetsThermalImages/FLIR1685.jpg,FLIR1685.jpg,100 kB,JPEG,FLIR Systems AB,FLIR C2,315,288,0.95,1.00 m,20.0 C,20.0 C,20.0 C,1.0,50.0 %,10640.907,1298.3,1.65,0.006569,0.01262,-0.002276,-0.00667,150.0 C,-10.0 C,FLIR C2,320x240,0.077,-9.0,119.0,119.0,PotentialFaultDetected with 65.73% probability,0.6573
168,FLIR1941.jpg,190,74,209,93,c:/Users/tantrivt/Desktop/Test/TransfVikram_Trial1/datasetsThermalImages/FLIR1941.jpg,FLIR1941.jpg,96 kB,JPEG,FLIR Systems AB,FLIR C2,318,292,0.95,1.00 m,20.0 C,20.0 C,20.0 C,1.0,50.0 %,10640.907,1298.3,1.65,0.006569,0.01262,-0.002276,-0.00667,150.0 C,-10.0 C,FLIR C2,320x240,0.077,-9.0,115.0,115.0,PotentialFaultDetected with 28.720000000000002% probability,0.2872
169,FLIR1941.jpg,109,51,123,76,c:/Users/tantrivt/Desktop/Test/TransfVikram_Trial1/datasetsThermalImages/FLIR1941.jpg,FLIR1941.jpg,96 kB,JPEG,FLIR Systems AB,FLIR C2,318,292,0.95,1.00 m,20.0 C,20.0 C,20.0 C,1.0,50.0 %,10640.907,1298.3,1.65,0.006569,0.01262,-0.002276,-0.00667,150.0 C,-10.0 C,FLIR C2,320x240,0.077,-7.0,113.0,113.0,NoFaultDetected with 32.300000000000004% probability,0.323
170,FLIR1941.jpg,45,68,61,84,c:/Users/tantrivt/Desktop/Test/TransfVikram_Trial1/datasetsThermalImages/FLIR1941.jpg,FLIR1941.jpg,96 kB,JPEG,FLIR Systems AB,FLIR C2,318,292,0.95,1.00 m,20.0 C,20.0 C,20.0 C,1.0,50.0 %,10640.907,1298.3,1.65,0.006569,0.01262,-0.002276,-0.00667,150.0 C,-10.0 C,FLIR C2,320x240,0.077,-4.0,115.0,115.0,PotentialFaultDetected with 41.13% probability,0.4113
171,FLIR1941.jpg,164,78,182,98,c:/Users/tantrivt/Desktop/Test/TransfVikram_Trial1/datasetsThermalImages/FLIR1941.jpg,FLIR1941.jpg,96 kB,JPEG,FLIR Systems AB,FLIR C2,318,292,0.95,1.00 m,20.0 C,20.0 C,20.0 C,1.0,50.0 %,10640.907,1298.3,1.65,0.006569,0.01262,-0.002276,-0.00667,150.0 C,-10.0 C,FLIR C2,320x240,0.077,-7.0,113.0,113.0,NoFaultDetected with 43.169999999999995% probability,0.4317
172,FLIR1941.jpg,226,69,252,90,c:/Users/tantrivt/Desktop/Test/TransfVikram_Trial1/datasetsThermalImages/FLIR1941.jpg,FLIR1941.jpg,96 kB,JPEG,FLIR Systems AB,FLIR C2,318,292,0.95,1.00 m,20.0 C,20.0 C,20.0 C,1.0,50.0 %,10640.907,1298.3,1.65,0.006569,0.01262,-0.002276,-0.00667,150.0 C,-10.0 C,FLIR C2,320x240,0.077,-9.0,108.0,108.0,NoFaultDetected with 44.6% probability,0.446
173,FLIR1941.jpg,110,49,122,64,c:/Users/tantrivt/Desktop/Test/TransfVikram_Trial1/datasetsThermalImages/FLIR1941.jpg,FLIR1941.jpg,96 kB,JPEG,FLIR Systems AB,FLIR C2,318,292,0.95,1.00 m,20.0 C,20.0 C,20.0 C,1.0,50.0 %,10640.907,1298.3,1.65,0.006569,0.01262,-0.002276,-0.00667,150.0 C,-10.0 C,FLIR C2,320x240,0.077,-7.0,113.0,113.0,NoFaultDetected with 57.4% probability,0.574
174,FLIR1953.jpg,140,66,159,88,c:/Users/tantrivt/Desktop/Test/TransfVikram_Trial1/datasetsThermalImages/FLIR1953.jpg,FLIR1953.jpg,86 kB,JPEG,FLIR Systems AB,FLIR C2,319,289,0.95,1.00 m,20.0 C,20.0 C,20.0 C,1.0,50.0 %,10640.907,1298.3,1.65,0.006569,0.01262,-0.002276,-0.00667,150.0 C,-10.0 C,FLIR C2,320x240,0.077,-9.0,116.0,116.0,PotentialFaultDetected with 31.900000000000002% probability,0.319
175,FLIR1953.jpg,164,116,182,135,c:/Users/tantrivt/Desktop/Test/TransfVikram_Trial1/datasetsThermalImages/FLIR1953.jpg,FLIR1953.jpg,86 kB,JPEG,FLIR Systems AB,FLIR C2,319,289,0.95,1.00 m,20.0 C,20.0 C,20.0 C,1.0,50.0 %,10640.907,1298.3,1.65,0.006569,0.01262,-0.002276,-0.00667,150.0 C,-10.0 C,FLIR C2,320x240,0.077,-3.0,119.0,119.0,PotentialFaultDetected with 46.79% probability,0.4679
176,FLIR1953.jpg,144,69,158,83,c:/Users/tantrivt/Desktop/Test/TransfVikram_Trial1/datasetsThermalImages/FLIR1953.jpg,FLIR1953.jpg,86 kB,JPEG,FLIR Systems AB,FLIR C2,319,289,0.95,1.00 m,20.0 C,20.0 C,20.0 C,1.0,50.0 %,10640.907,1298.3,1.65,0.006569,0.01262,-0.002276,-0.00667,150.0 C,-10.0 C,FLIR C2,320x240,0.077,-9.0,115.0,115.0,PotentialFaultDetected with 63.31% probability,0.6331
177,FLIR1953.jpg,213,9,241,33,c:/Users/tantrivt/Desktop/Test/TransfVikram_Trial1/datasetsThermalImages/FLIR1953.jpg,FLIR1953.jpg,86 kB,JPEG,FLIR Systems AB,FLIR C2,319,289,0.95,1.00 m,20.0 C,20.0 C,20.0 C,1.0,50.0 %,10640.907,1298.3,1.65,0.006569,0.01262,-0.002276,-0.00667,150.0 C,-10.0 C,FLIR C2,320x240,0.077,-9.0,117.0,117.0,PotentialFaultDetected with 75.14% probability,0.7514
178,FLIR1953.jpg,70,17,98,37,c:/Users/tantrivt/Desktop/Test/TransfVikram_Trial1/datasetsThermalImages/FLIR1953.jpg,FLIR1953.jpg,86 kB,JPEG,FLIR Systems AB,FLIR C2,319,289,0.95,1.00 m,20.0 C,20.0 C,20.0 C,1.0,50.0 %,10640.907,1298.3,1.65,0.006569,0.01262,-0.002276,-0.00667,150.0 C,-10.0 C,FLIR C2,320x240,0.077,-9.0,119.0,119.0,PotentialFaultDetected with 77.95% probability,0.7795
179,FLIR2353.jpg,197,113,216,140,c:/Users/tantrivt/Desktop/Test/TransfVikram_Trial1/datasetsThermalImages/FLIR2353.jpg,FLIR2353.jpg,91 kB,JPEG,FLIR Systems AB,FLIR C2,314,292,0.95,1.00 m,20.0 C,20.0 C,20.0 C,1.0,50.0 %,10640.907,1298.3,1.65,0.006569,0.01262,-0.002276,-0.00667,150.0 C,-10.0 C,FLIR C2,320x240,0.077,6.0,119.0,113.0,NoFaultDetected with 43.81% probability,0.4381
